instance,n,instance_seed,method,search_seed,feasible,distance,makespan,tardiness,late_orders,batches,used_pickers,on_time_rate,objective,preprocessing_seconds,optimization_seconds,validation_seconds,total_seconds
synthetic-n20-seed401,20,401,B0,1,True,672.0,11.266666666666667,40.964050293177934,17,4,3,0.15000000000000002,0.7272643742009535,0.0018893999986175913,9.100000170292333e-06,0.0003656999979284592,0.002719499996601371
synthetic-n20-seed401,20,401,B2,1,True,608.0,11.346666666666668,26.465398806796518,16,4,3,0.19999999999999996,0.6764374970608664,0.0018062000017380342,0.003446900002018083,0.00037800000063725747,0.0061051000011502765
synthetic-n20-seed401,20,401,B3,1,True,608.0,11.346666666666668,26.465398806796518,16,4,3,0.19999999999999996,0.6764374970608664,0.0017908999980136286,0.006689499998174142,0.000320099999953527,0.009249099999578902
synthetic-n20-seed401,20,401,B3,2,True,608.0,11.346666666666668,26.465398806796518,16,4,3,0.19999999999999996,0.6764374970608664,0.001615900000615511,0.008101699997496326,0.00047590000031050295,0.010684800003218697
synthetic-n20-seed401,20,401,B3,3,True,608.0,11.346666666666668,26.465398806796518,16,4,3,0.19999999999999996,0.6764374970608664,0.0016154000004462432,0.0072962000012921635,0.0003274000009696465,0.00969700000132434
synthetic-n20-seed401,20,401,B3,4,True,608.0,11.346666666666668,26.465398806796518,16,4,3,0.19999999999999996,0.6764374970608664,0.002106100000673905,0.006868399999802932,0.00032160000046133064,0.009720800000650343
synthetic-n20-seed401,20,401,B3,5,True,608.0,11.346666666666668,26.465398806796518,16,4,3,0.19999999999999996,0.6764374970608664,0.0021336999998311512,0.006969099998968886,0.00031039999885251746,0.009863600000244332
synthetic-n20-seed401,20,401,B3,6,True,608.0,11.346666666666668,26.465398806796518,16,4,3,0.19999999999999996,0.6764374970608664,0.0030643999998574145,0.008863399998517707,0.0003371999991941266,0.012734500000078697
synthetic-n20-seed401,20,401,B3,7,True,608.0,11.346666666666668,26.465398806796518,16,4,3,0.19999999999999996,0.6764374970608664,0.0017674999980954453,0.007923400000436231,0.0003259999975853134,0.010450699999637436
synthetic-n20-seed401,20,401,B3,8,True,608.0,11.346666666666668,26.465398806796518,16,4,3,0.19999999999999996,0.6764374970608664,0.002493500000127824,0.007229700000607409,0.0003127999989374075,0.010598299999401206
synthetic-n20-seed401,20,401,B3,9,True,608.0,11.346666666666668,26.465398806796518,16,4,3,0.19999999999999996,0.6764374970608664,0.0027692000003298745,0.007078700000420213,0.00030390000029001385,0.010589299999992363
synthetic-n20-seed401,20,401,B3,10,True,608.0,11.346666666666668,26.465398806796518,16,4,3,0.19999999999999996,0.6764374970608664,0.002017900002101669,0.007266399999934947,0.0003175000019837171,0.010034499999164836
synthetic-n20-seed401,20,401,LNS,1,True,568.0,8.14,29.274232969973802,15,5,3,0.25,0.565879512470845,0.002593100001831772,0.23700040000039735,0.0003184000015608035,0.24042040000131237
synthetic-n20-seed401,20,401,LNS,2,True,536.0,8.426666666666666,28.2423952476597,15,4,3,0.25,0.5569613717620587,0.0017818000014813151,0.21401259999765898,0.00029680000079679303,0.21661110000059125
synthetic-n20-seed401,20,401,LNS,3,True,560.0,8.153333333333334,19.80015801065155,16,5,3,0.19999999999999996,0.5482908320341657,0.0016677000021445565,0.20925119999810704,0.00034469999809516594,0.21174930000051972
synthetic-n20-seed401,20,401,LNS,4,True,496.0,7.913333333333333,25.54645675774973,15,4,3,0.25,0.5179446505057347,0.0018673999984457623,0.24212870000337716,0.0005399000001489185,0.24543099999937112
synthetic-n20-seed401,20,401,LNS,5,True,552.0,8.446666666666665,19.127741596834106,13,5,3,0.35,0.552006380215097,0.003851499997836072,0.23211090000040713,0.00038750000021536835,0.23695669999870006
synthetic-n20-seed401,20,401,LNS,6,True,504.0,8.266666666666667,23.33087291718745,16,4,3,0.19999999999999996,0.5290890625007704,0.002277499999763677,0.25154579999798443,0.0003130999975837767,0.25456800000029034
synthetic-n20-seed401,20,401,LNS,7,True,504.0,7.846666666666667,29.545118031279067,17,4,3,0.15000000000000002,0.5258556972849295,0.0016977999985101633,0.26924249999865424,0.00030509999851346947,0.27170420000038575
synthetic-n20-seed401,20,401,LNS,8,True,544.0,8.146666666666667,18.938992163835884,13,5,3,0.35,0.5388831714643012,0.0017809000019042287,0.16987950000111596,0.00030730000071343966,0.1723947999998927
synthetic-n20-seed401,20,401,LNS,9,True,536.0,8.946666666666667,23.01608916020599,15,4,3,0.25,0.5646147651238137,0.0017175000029965304,0.18714850000105798,0.00039900000047055073,0.1902291000005789
synthetic-n20-seed401,20,401,LNS,10,True,512.0,8.113333333333333,26.39415652652606,15,4,3,0.25,0.5330523119463497,0.0018918999994639307,0.21234320000075968,0.00030590000096708536,0.21499860000039916
synthetic-n20-seed401,20,401,ALNS,1,True,552.0,8.366666666666667,34.25523993993559,16,4,3,0.19999999999999996,0.5720174724386198,0.0018008000006375369,0.1907844000015757,0.00030470000274362974,0.1933309999985795
synthetic-n20-seed401,20,401,ALNS,2,True,560.0,8.113333333333333,26.5823476966934,15,5,3,0.25,0.5571402250608548,0.0021131000030436553,0.20425800000157324,0.000307099999190541,0.20710600000165869
synthetic-n20-seed401,20,401,ALNS,3,True,536.0,8.353333333333333,19.739178983913423,16,5,3,0.19999999999999996,0.5422130242318621,0.0017573000004631467,0.1816198999986227,0.0003178999977535568,0.1841247000011208
synthetic-n20-seed401,20,401,ALNS,4,True,512.0,8.473333333333333,25.689626444558066,16,4,3,0.19999999999999996,0.5426609952570479,0.001942799997777911,0.18252790000042296,0.00039119999928516336,0.18544760000077076
synthetic-n20-seed401,20,401,ALNS,5,True,568.0,8.306666666666667,22.46212110438524,18,5,3,0.09999999999999998,0.5607333903817101,0.0018641000024217647,0.22537799999918207,0.0003198000013071578,0.22803159999966738
synthetic-n20-seed401,20,401,ALNS,6,True,504.0,8.266666666666667,23.33087291718745,16,4,3,0.19999999999999996,0.5290890625007704,0.00203700000201934,0.17930469999919296,0.00038159999894560315,0.18227660000047763
synthetic-n20-seed401,20,401,ALNS,7,True,576.0,8.133333333333333,24.64532809871158,16,5,3,0.19999999999999996,0.5628030353672121,0.0017752999992808327,0.1976052999998501,0.00035539999953471124,0.20021379999889177
synthetic-n20-seed401,20,401,ALNS,8,True,536.0,8.026666666666667,19.42647720794929,16,5,3,0.19999999999999996,0.5320857533601203,0.002084600000671344,0.175675800001045,0.0003859000025840942,0.178604799999448
synthetic-n20-seed401,20,401,ALNS,9,True,536.0,8.946666666666667,23.01608916020599,15,4,3,0.25,0.5646147651238137,0.0017762999996193685,0.18642280000130995,0.000347700002748752,0.18910139999934472
synthetic-n20-seed401,20,401,ALNS,10,True,488.0,8.113333333333333,20.755532021325983,16,4,3,0.19999999999999996,0.5128063895309367,0.0017554000005475245,0.176650299999892,0.0002953000002889894,0.17916110000078334
synthetic-n20-seed401,20,401,VNS,1,True,544.0,9.18,27.312524780203084,16,4,3,0.19999999999999996,0.5818420461433453,0.0017584000015631318,0.05006440000215662,0.0003098999986832496,0.05264579999857233
synthetic-n20-seed401,20,401,VNS,2,True,512.0,9.333333333333334,22.8388154568054,15,4,3,0.25,0.5638876062219108,0.0019084999985352624,0.0525658000005933,0.0003876999981002882,0.05532189999939874
synthetic-n20-seed401,20,401,VNS,3,True,608.0,8.56,30.490924355750586,19,5,3,0.050000000000000044,0.5999466571431457,0.002148200001101941,0.047093999997741776,0.00032270000156131573,0.050014399999781745
synthetic-n20-seed401,20,401,VNS,4,True,552.0,9.559999999999999,24.02779303539724,16,4,3,0.19999999999999996,0.5921938330334842,0.001832400001148926,0.0450925000004645,0.00029830000130459666,0.04768239999975776
synthetic-n20-seed401,20,401,VNS,5,True,560.0,8.406666666666666,21.681030589098704,17,5,3,0.15000000000000002,0.5585682569529731,0.0018144999994547106,0.04674669999803882,0.00031120000130613334,0.049336899999616435
synthetic-n20-seed401,20,401,VNS,6,True,560.0,8.573333333333334,19.005264186632694,15,5,3,0.25,0.5595409890992266,0.001875799996923888,0.07486249999783468,0.00033149999944726005,0.07762699999875622
synthetic-n20-seed401,20,401,VNS,7,True,496.0,8.506666666666668,20.85387315432068,16,4,3,0.19999999999999996,0.5285571994158496,0.0024175999969884288,0.04403459999957704,0.0002986999970744364,0.04720919999817852
synthetic-n20-seed401,20,401,VNS,8,True,576.0,8.74,19.255817212984937,11,5,3,0.44999999999999996,0.5727791040766894,0.0023005000002740417,0.04626940000161994,0.00037059999885968864,0.04950280000048224
synthetic-n20-seed401,20,401,VNS,9,True,504.0,8.753333333333334,20.105858113536424,16,4,3,0.19999999999999996,0.5387167526334364,0.001692199999524746,0.039309100000537,0.0003090999998676125,0.04176460000235238
synthetic-n20-seed401,20,401,VNS,10,True,496.0,9.146666666666667,21.895062173652704,18,4,3,0.09999999999999998,0.5490323311012519,0.0020063000010850374,0.04446260000258917,0.0003304999991087243,0.0472382000007201
synthetic-n20-seed402,20,402,B0,1,True,688.0,11.106666666666666,37.14961889188331,13,4,3,0.35,0.722413393695303,0.0016627000004518777,1.1100000847363845e-05,0.000320099999953527,0.002444199999445118
synthetic-n20-seed402,20,402,B2,1,True,600.0,9.753333333333334,7.073749950115806,11,4,3,0.44999999999999996,0.5940296321268618,0.0019635999997262843,0.0037929000027361326,0.0005491000010806601,0.006753400000889087
synthetic-n20-seed402,20,402,B3,1,True,600.0,9.753333333333334,7.073749950115806,11,4,3,0.44999999999999996,0.5940296321268618,0.002306899998075096,0.007550999998784391,0.000298099999781698,0.0106021999999939
synthetic-n20-seed402,20,402,B3,2,True,600.0,9.753333333333334,7.073749950115806,11,4,3,0.44999999999999996,0.5940296321268618,0.002398900000116555,0.010315700001228834,0.00032279999868478626,0.013499800003046403
synthetic-n20-seed402,20,402,B3,3,True,600.0,9.753333333333334,7.073749950115806,11,4,3,0.44999999999999996,0.5940296321268618,0.0033967000017582905,0.007532199997513089,0.0004284999995434191,0.011809900002845097
synthetic-n20-seed402,20,402,B3,4,True,600.0,9.753333333333334,7.073749950115806,11,4,3,0.44999999999999996,0.5940296321268618,0.0021373000017774757,0.008017199997993885,0.0003219999998691492,0.010948700000881217
synthetic-n20-seed402,20,402,B3,5,True,600.0,9.753333333333334,7.073749950115806,11,4,3,0.44999999999999996,0.5940296321268618,0.0025378999998793006,0.007052900000417139,0.00031659999876865186,0.010381299998698523
synthetic-n20-seed402,20,402,B3,6,True,600.0,9.753333333333334,7.073749950115806,11,4,3,0.44999999999999996,0.5940296321268618,0.0018548000007285737,0.007450299999618437,0.0003104999996139668,0.010063099998660618
synthetic-n20-seed402,20,402,B3,7,True,600.0,9.753333333333334,7.073749950115806,11,4,3,0.44999999999999996,0.5940296321268618,0.002848799998901086,0.007694700001593446,0.0004177000009804033,0.011547899997822242
synthetic-n20-seed402,20,402,B3,8,True,600.0,9.753333333333334,7.073749950115806,11,4,3,0.44999999999999996,0.5940296321268618,0.0032952000001387205,0.007661399999051355,0.00034579999919515103,0.011987400001089554
synthetic-n20-seed402,20,402,B3,9,True,600.0,9.753333333333334,7.073749950115806,11,4,3,0.44999999999999996,0.5940296321268618,0.0038725999984308146,0.011167900000145892,0.00037510000038309954,0.0160001000003831
synthetic-n20-seed402,20,402,B3,10,True,600.0,9.753333333333334,7.073749950115806,11,4,3,0.44999999999999996,0.5940296321268618,0.0027006000018445775,0.007595999999466585,0.00036890000046696514,0.011119099999632454
synthetic-n20-seed402,20,402,LNS,1,True,520.0,7.553333333333333,12.915654268276354,12,4,3,0.4,0.4980098946626051,0.0018481000006431714,0.17919220000112546,0.00039930000275489874,0.1820506000003661
synthetic-n20-seed402,20,402,LNS,2,True,496.0,7.553333333333333,11.00089880456298,11,4,3,0.44999999999999996,0.48350870517728745,0.002578499999799533,0.19417070000054082,0.00033320000147796236,0.1975315000017872
synthetic-n20-seed402,20,402,LNS,3,True,512.0,7.766666666666666,12.219918639310631,14,4,3,0.30000000000000004,0.4994924656428975,0.001978899999812711,0.1946085999989009,0.0003288000007160008,0.19753929999933462
synthetic-n20-seed402,20,402,LNS,4,True,552.0,8.266666666666666,15.142192898727078,16,4,3,0.19999999999999996,0.538263478460405,0.002281999997649109,0.16567760000179987,0.0003238000026613008,0.16873239999767975
synthetic-n20-seed402,20,402,LNS,5,True,576.0,7.986666666666667,15.076804974174967,14,4,3,0.30000000000000004,0.5413899029573291,0.0021675000025425106,0.19698820000121486,0.00036539999928209,0.20001950000005309
synthetic-n20-seed402,20,402,LNS,6,True,544.0,7.800000000000001,17.892487753848542,12,4,3,0.4,0.5245090003471907,0.001912100000481587,0.18163769999955548,0.0003020000003743917,0.1844167000017478
synthetic-n20-seed402,20,402,LNS,7,True,536.0,7.553333333333333,13.810177435646494,14,4,3,0.30000000000000004,0.5071041543268283,0.001836900002672337,0.1668695000007574,0.0003907999998773448,0.1696646000018518
synthetic-n20-seed402,20,402,LNS,8,True,512.0,7.466666666666667,10.938091605201468,14,4,3,0.30000000000000004,0.4885653542471755,0.0018730000010691583,0.16424980000010692,0.0003440000000409782,0.16695980000076815
synthetic-n20-seed402,20,402,LNS,9,True,496.0,7.9,9.432255893667005,11,4,3,0.44999999999999996,0.49155896091323786,0.002110900000843685,0.19035239999720943,0.00031289999969885685,0.19322530000135885
synthetic-n20-seed402,20,402,LNS,10,True,544.0,7.633333333333333,17.046758269959746,14,4,3,0.30000000000000004,0.5182378976802908,0.0019820000015897676,0.19160290000218083,0.0005326999998942483,0.1946038000023691
synthetic-n20-seed402,20,402,ALNS,1,True,528.0,7.553333333333333,14.265140072981998,13,4,3,0.35,0.5039109023774007,0.0037909999991825316,0.16630780000195955,0.00031490000037592836,0.17085619999852497
synthetic-n20-seed402,20,402,ALNS,2,True,512.0,7.800000000000001,11.898898806471365,11,4,3,0.44999999999999996,0.5000111433647274,0.0019048000031034462,0.19106169999940903,0.00031180000223685056,0.19372629999998026
synthetic-n20-seed402,20,402,ALNS,3,True,552.0,7.8533333333333335,15.580754281397155,15,4,3,0.25,0.5265166217917426,0.0022266000014496967,0.17575859999851673,0.00031089999902178533,0.1787341999988712
synthetic-n20-seed402,20,402,ALNS,4,True,592.0,8.186666666666667,19.841308190753278,16,4,3,0.19999999999999996,0.5622938565729452,0.0018252999980177265,0.18370209999920917,0.0003378000001248438,0.18633609999960754
synthetic-n20-seed402,20,402,ALNS,5,True,552.0,8.033333333333333,17.626953323034783,15,4,3,0.25,0.534989309429254,0.0018554000016592909,0.17570939999859547,0.0003428999989409931,0.17835780000314116
synthetic-n20-seed402,20,402,ALNS,6,True,552.0,7.800000000000001,17.15017743564649,14,4,3,0.30000000000000004,0.527271058297719,0.0017866000016510952,0.17890040000202134,0.00039760000072419643,0.1815831000021717
synthetic-n20-seed402,20,402,ALNS,7,True,512.0,7.553333333333333,11.085328599323148,10,4,3,0.5,0.49138733853207195,0.0019007000009878539,0.17597210000167252,0.00039039999683154747,0.17876450000039767
synthetic-n20-seed402,20,402,ALNS,8,True,496.0,7.32,10.015049390360094,12,4,3,0.4,0.47502653818918794,0.0016689000003680121,0.15401220000057947,0.00031209999724524096,0.15647180000087246
synthetic-n20-seed402,20,402,ALNS,9,True,504.0,7.800000000000001,10.845589227000335,11,4,3,0.44999999999999996,0.49455457776462963,0.0019126000006508548,0.2076271000005363,0.00036390000241226517,0.21041179999883752
synthetic-n20-seed402,20,402,ALNS,10,True,584.0,7.8533333333333335,20.19573888585614,15,4,3,0.25,0.5489457447662256,0.0017367999971611425,0.1762933999998495,0.0004101000013179146,0.17893539999931818
synthetic-n20-seed402,20,402,VNS,1,True,520.0,7.453333333333333,10.084817912447287,12,4,3,0.4,0.4907607404671833,0.00185570000030566,0.039351700001134304,0.0003208999987691641,0.04198990000077174
synthetic-n20-seed402,20,402,VNS,2,True,552.0,7.8133333333333335,18.35190480404243,16,4,3,0.19999999999999996,0.5294745307392896,0.0017341999991913326,0.0477428999984113,0.00034330000198679045,0.0503547999978764
synthetic-n20-seed402,20,402,VNS,3,True,560.0,8.120000000000001,14.465550275960087,12,4,3,0.4,0.5367223166661881,0.001866499998868676,0.0490038000025379,0.00031429999944521114,0.051632799997605616
synthetic-n20-seed402,20,402,VNS,4,True,528.0,7.453333333333333,10.656836196562516,12,4,3,0.4,0.4954950802339141,0.00256690000242088,0.044527199999720324,0.0003446000009716954,0.047976800000469666
synthetic-n20-seed402,20,402,VNS,5,True,568.0,8.22,14.414082777367428,14,4,3,0.30000000000000004,0.5435222539978829,0.0023925999994389713,0.045709899997746106,0.00046350000047823414,0.04930139999851235
synthetic-n20-seed402,20,402,VNS,6,True,552.0,8.173333333333334,14.265367247685546,13,4,3,0.35,0.5341465932297504,0.0026748999989649747,0.048417499998322455,0.0003188999980920926,0.05193109999891021
synthetic-n20-seed402,20,402,VNS,7,True,568.0,8.22,14.414082777367428,14,4,3,0.30000000000000004,0.5435222539978829,0.0020121999987168238,0.04303079999954207,0.0003150000011373777,0.045852899998862995
synthetic-n20-seed402,20,402,VNS,8,True,520.0,7.453333333333333,10.084817912447287,12,4,3,0.4,0.4907607404671833,0.002540700003009988,0.041311199998744996,0.00030360000164364465,0.044654900000750786
synthetic-n20-seed402,20,402,VNS,9,True,584.0,7.8,16.129941015285358,15,4,3,0.25,0.5412439672493626,0.0017788000004657079,0.04797049999979208,0.0003212000010535121,0.050648300002649194
synthetic-n20-seed402,20,402,VNS,10,True,568.0,8.120000000000001,11.071935949106315,11,4,3,0.44999999999999996,0.535505827184766,0.0028774000020348467,0.058591599998180754,0.00044410000191419385,0.06258470000102534
synthetic-n20-seed403,20,403,B0,1,True,760.0,11.526666666666667,39.38373860381553,14,5,3,0.30000000000000004,0.7236125003910963,0.0027774000009230804,2.3699998564552516e-05,0.0005507999994733837,0.004143400001339614
synthetic-n20-seed403,20,403,B2,1,True,656.0,12.02,27.116930678097173,15,4,3,0.25,0.6745280470572061,0.0031244999991031364,0.006616899998334702,0.0006539000023622066,0.01159669999833568
synthetic-n20-seed403,20,403,B3,1,True,656.0,12.02,27.116930678097173,15,4,3,0.25,0.6745280470572061,0.0035337000008439645,0.00886739999987185,0.00031460000172955915,0.013167900000553345
synthetic-n20-seed403,20,403,B3,2,True,656.0,12.02,27.116930678097173,15,4,3,0.25,0.6745280470572061,0.0018957000029331539,0.0068269000003056135,0.0003135999977530446,0.009490800002822652
synthetic-n20-seed403,20,403,B3,3,True,656.0,12.02,27.116930678097173,15,4,3,0.25,0.6745280470572061,0.0024254999989352655,0.007168299998738803,0.00030979999792180024,0.010358600000472507
synthetic-n20-seed403,20,403,B3,4,True,656.0,12.02,27.116930678097173,15,4,3,0.25,0.6745280470572061,0.0018662000002223067,0.007370499999524327,0.00031600000147591345,0.010015600000770064
synthetic-n20-seed403,20,403,B3,5,True,656.0,12.02,27.116930678097173,15,4,3,0.25,0.6745280470572061,0.003066100001888117,0.007472000001143897,0.0003859999997075647,0.011396099998819409
synthetic-n20-seed403,20,403,B3,6,True,656.0,12.02,27.116930678097173,15,4,3,0.25,0.6745280470572061,0.0016570000007050112,0.0064628000000084285,0.0003212999981769826,0.008936599999287864
synthetic-n20-seed403,20,403,B3,7,True,656.0,12.02,27.116930678097173,15,4,3,0.25,0.6745280470572061,0.0020435000005818438,0.006752599998435471,0.00031379999927594326,0.009551499999361113
synthetic-n20-seed403,20,403,B3,8,True,656.0,12.02,27.116930678097173,15,4,3,0.25,0.6745280470572061,0.0022069000006013084,0.006798800000979099,0.0003022999990207609,0.009739900000568014
synthetic-n20-seed403,20,403,B3,9,True,656.0,12.02,27.116930678097173,15,4,3,0.25,0.6745280470572061,0.0022696999985782895,0.006745399998180801,0.0003507000001263805,0.009814600001845974
synthetic-n20-seed403,20,403,B3,10,True,656.0,12.02,27.116930678097173,15,4,3,0.25,0.6745280470572061,0.004398900000524009,0.007449900000210619,0.0003068000005441718,0.0126057999987097
synthetic-n20-seed403,20,403,LNS,1,True,608.0,9.2,19.845012602232963,12,5,3,0.4,0.5614107566062747,0.003064000000449596,0.20212500000343425,0.00033030000122380443,0.2059986000022036
synthetic-n20-seed403,20,403,LNS,2,True,632.0,9.333333333333332,22.957942698324317,16,5,3,0.19999999999999996,0.5802939213875905,0.0020503000014286954,0.19698780000180705,0.0003390000019862782,0.1998574000026565
synthetic-n20-seed403,20,403,LNS,3,True,584.0,9.233333333333334,21.52893633941523,13,5,3,0.35,0.5542832123666115,0.0023925000023155008,0.19421610000063083,0.00031820000003790483,0.19736600000032922
synthetic-n20-seed403,20,403,LNS,4,True,616.0,9.433333333333334,22.254180189889503,12,5,3,0.4,0.5751506364804648,0.0019836000028590206,0.2475217999999586,0.0003442999986873474,0.2503257999997004
synthetic-n20-seed403,20,403,LNS,5,True,624.0,9.399999999999999,15.944546977412312,14,5,3,0.30000000000000004,0.5685722194583752,0.0018258999989484437,0.1855500999990909,0.0003144000002066605,0.188125199998467
synthetic-n20-seed403,20,403,LNS,6,True,624.0,9.333333333333332,20.40153227247728,13,5,3,0.35,0.5730887781074956,0.0017292000011366326,0.2003141000022879,0.0003251000016462058,0.20285060000242083
synthetic-n20-seed403,20,403,LNS,7,True,600.0,9.466666666666667,19.18991200845825,16,5,3,0.19999999999999996,0.5646663466480503,0.001934100000653416,0.18881129999863333,0.000316400000883732,0.19150570000056177
synthetic-n20-seed403,20,403,LNS,8,True,624.0,9.4,21.516047999596623,12,5,3,0.4,0.5766281781370686,0.0019436000002315268,0.1991822999989381,0.0003324999997857958,0.20202450000215322
synthetic-n20-seed403,20,403,LNS,9,True,584.0,9.2,19.556135981299548,15,5,3,0.25,0.5504667476112871,0.0022004999991622753,0.18252310000025318,0.00031680000029155053,0.18550349999713944
synthetic-n20-seed403,20,403,LNS,10,True,576.0,9.5,19.40677953969458,15,5,3,0.25,0.5554175528335664,0.0018204999978479464,0.1796628000010969,0.000436700000136625,0.18245929999829968
synthetic-n20-seed403,20,403,ALNS,1,True,600.0,9.200000000000001,18.946353620221586,12,5,3,0.4,0.5566025934358322,0.0016840999996929895,0.2414191000025312,0.00036080000063520856,0.24394430000029388
synthetic-n20-seed403,20,403,ALNS,2,True,624.0,9.753333333333334,22.171451750563488,9,5,3,0.55,0.5877936934893437,0.0018641000024217647,0.18343970000205445,0.00031459999809158035,0.1860594999998284
synthetic-n20-seed403,20,403,ALNS,3,True,640.0,9.406666666666666,24.259606087800965,15,5,3,0.25,0.5878054840290162,0.001815899999201065,0.1841822000023967,0.00038700000004610047,0.18689699999958975
synthetic-n20-seed403,20,403,ALNS,4,True,648.0,9.013333333333334,18.02752460390552,11,6,3,0.44999999999999996,0.5709285588064953,0.0018421999993734062,0.22667940000246745,0.0003673999999591615,0.22939649999898393
synthetic-n20-seed403,20,403,ALNS,5,True,608.0,9.233333333333334,21.332819462956984,13,5,3,0.35,0.5645259583520681,0.002415799997834256,0.18232569999963744,0.0004163999983575195,0.18571929999961867
synthetic-n20-seed403,20,403,ALNS,6,True,600.0,9.093333333333334,18.925012602232968,12,5,3,0.4,0.5534871013141984,0.002010200001677731,0.20591950000016368,0.0003385999989404809,0.2087429000021075
synthetic-n20-seed403,20,403,ALNS,7,True,624.0,9.766666666666666,19.815367602954737,15,5,3,0.25,0.5847725577447774,0.0027401000006648246,0.20010200000251643,0.0003575000009732321,0.2037586000005831
synthetic-n20-seed403,20,403,ALNS,8,True,600.0,9.14,20.491608426006742,13,5,3,0.35,0.5571018051272509,0.0018012000000453554,0.17627419999917038,0.00032110000029206276,0.17883050000091316
synthetic-n20-seed403,20,403,ALNS,9,True,584.0,9.2,19.556135981299548,15,5,3,0.25,0.5504667476112871,0.0018673999984457623,0.16147769999952288,0.00032079999800771475,0.16410299999915878
synthetic-n20-seed403,20,403,ALNS,10,True,632.0,9.52,19.340112873027916,15,5,3,0.25,0.580460930508523,0.0020168999981251545,0.17159579999861307,0.000343399999110261,0.17444759999852977
synthetic-n20-seed403,20,403,VNS,1,True,656.0,10.26,22.032211221896517,14,5,3,0.30000000000000004,0.6162794648475466,0.002135200000338955,0.03984940000009374,0.00034439999944879673,0.042896200000541285
synthetic-n20-seed403,20,403,VNS,2,True,624.0,9.513333333333334,21.176047999596626,12,5,3,0.4,0.5794139888176161,0.00187980000191601,0.0457274000000325,0.00033770000300137326,0.04845170000044163
synthetic-n20-seed403,20,403,VNS,3,True,640.0,9.32,26.107799071355714,15,5,3,0.25,0.5879715621814474,0.002141600001777988,0.04008790000079898,0.00036719999843626283,0.043142900001839735
synthetic-n20-seed403,20,403,VNS,4,True,656.0,10.74,23.612435430121568,14,5,3,0.30000000000000004,0.6324452025690981,0.002132900001015514,0.04434430000037537,0.0003818000004685018,0.04743580000285874
synthetic-n20-seed403,20,403,VNS,5,True,672.0,9.84,25.359801484740252,13,5,3,0.35,0.6159626973463566,0.0017571999997016974,0.0427938999964681,0.00032529999953112565,0.04537799999889103
synthetic-n20-seed403,20,403,VNS,6,True,656.0,10.346666666666668,23.718235262603304,15,5,3,0.25,0.6212235906052679,0.0020445000009203795,0.044858500001282664,0.0003656999979284592,0.04793250000147964
synthetic-n20-seed403,20,403,VNS,7,True,704.0,10.293333333333333,25.00653268576718,11,5,3,0.44999999999999996,0.642596683081406,0.001770599999872502,0.05253670000092825,0.0003721000030054711,0.055128799998783506
synthetic-n20-seed403,20,403,VNS,8,True,688.0,10.026666666666667,29.2843615249167,16,5,3,0.19999999999999996,0.6340529615262918,0.0018429000010655727,0.056718200001341756,0.0003255000010540243,0.05934089999936987
synthetic-n20-seed403,20,403,VNS,9,True,656.0,9.826666666666666,29.203901884225548,13,5,3,0.35,0.6141178454080762,0.0022386999989976175,0.053394299997307826,0.00037850000080652535,0.056469499999366235
synthetic-n20-seed403,20,403,VNS,10,True,664.0,9.973333333333333,18.82352362295157,14,5,3,0.30000000000000004,0.6068587675288484,0.0017026999994413927,0.043077700000139885,0.0003513999981805682,0.045606299998325994
synthetic-n20-seed404,20,404,B0,1,True,712.0,13.54,47.042454988671935,14,4,3,0.30000000000000004,0.7245721996413982,0.001763200001732912,1.2000000424450263e-05,0.0004259999986970797,0.0027334000005794223
synthetic-n20-seed404,20,404,B2,1,True,704.0,11.453333333333333,18.865662211786407,11,5,3,0.44999999999999996,0.6347730579138843,0.0017641999984334689,0.0038091999995231163,0.0003239999969082419,0.00652549999722396
synthetic-n20-seed404,20,404,B3,1,True,704.0,10.746666666666666,19.318164150535218,11,5,3,0.44999999999999996,0.617933038964371,0.0017735999972501304,0.007610399999975925,0.0003571999986888841,0.010279799997078953
synthetic-n20-seed404,20,404,B3,2,True,704.0,10.746666666666666,19.318164150535218,11,5,3,0.44999999999999996,0.617933038964371,0.0020290999964345247,0.007303300000785384,0.00032079999800771475,0.010109899998496985
synthetic-n20-seed404,20,404,B3,3,True,704.0,10.746666666666666,19.318164150535218,11,5,3,0.44999999999999996,0.617933038964371,0.0032978999988699798,0.008392600000661332,0.00034610000147949904,0.012559700000565499
synthetic-n20-seed404,20,404,B3,4,True,704.0,10.746666666666666,19.318164150535218,11,5,3,0.44999999999999996,0.617933038964371,0.0016531000001123175,0.007771600001433399,0.0003663000024971552,0.010281300001224736
synthetic-n20-seed404,20,404,B3,5,True,704.0,10.746666666666666,19.318164150535218,11,5,3,0.44999999999999996,0.617933038964371,0.0017826000002969522,0.0069422000015038066,0.0003327000013086945,0.009530999999697087
synthetic-n20-seed404,20,404,B3,6,True,704.0,10.746666666666666,19.318164150535218,11,5,3,0.44999999999999996,0.617933038964371,0.002269299999170471,0.007097200003045145,0.00032279999868478626,0.010140499998669839
synthetic-n20-seed404,20,404,B3,7,True,704.0,10.746666666666666,19.318164150535218,11,5,3,0.44999999999999996,0.617933038964371,0.002105600000504637,0.007016999999905238,0.00032110000029206276,0.009895999999571359
synthetic-n20-seed404,20,404,B3,8,True,704.0,10.746666666666666,19.318164150535218,11,5,3,0.44999999999999996,0.617933038964371,0.0020392000005813316,0.007290499997907318,0.00032590000046184286,0.010118800000782358
synthetic-n20-seed404,20,404,B3,9,True,704.0,10.746666666666666,19.318164150535218,11,5,3,0.44999999999999996,0.617933038964371,0.0030380999996850733,0.01409369999964838,0.0010034000006271526,0.019168599999829894
synthetic-n20-seed404,20,404,B3,10,True,704.0,10.746666666666666,19.318164150535218,11,5,3,0.44999999999999996,0.617933038964371,0.0033470999987912364,0.007192400000349153,0.00034299999970244244,0.011346300001605414
synthetic-n20-seed404,20,404,LNS,1,True,664.0,9.406666666666666,28.618264503671853,16,5,3,0.19999999999999996,0.5776654579784888,0.0023594999984197784,0.17085469999801717,0.0003328000020701438,0.17398939999839058
synthetic-n20-seed404,20,404,LNS,2,True,616.0,9.473333333333333,21.45319536951257,15,5,3,0.25,0.548015143384561,0.0017809000019042287,0.20021170000109123,0.0003630999999586493,0.20279569999911473
synthetic-n20-seed404,20,404,LNS,3,True,624.0,9.266666666666667,17.904442382086334,12,6,3,0.4,0.5423044224446965,0.0018340999995416496,0.1844868000007409,0.00033999999868683517,0.1871498000000429
synthetic-n20-seed404,20,404,LNS,4,True,616.0,9.28,21.092846973254556,14,5,3,0.30000000000000004,0.5428120229230585,0.001875499998277519,0.18086030000267783,0.00032670000291545875,0.18350859999918612
synthetic-n20-seed404,20,404,LNS,5,True,624.0,9.493333333333334,30.683252319421644,15,5,3,0.25,0.5636142984548744,0.0020149999982095324,0.21011489999727928,0.0003462999993644189,0.2129480000003241
synthetic-n20-seed404,20,404,LNS,6,True,600.0,8.946666666666665,25.91424503845772,13,6,3,0.35,0.5330500068473687,0.00236149999909685,0.18222210000021732,0.0003407000003790017,0.18538139999873238
synthetic-n20-seed404,20,404,LNS,7,True,656.0,9.006666666666668,21.694757435909892,13,6,3,0.35,0.555550485431744,0.0018788999987009447,0.18659389999811538,0.00034299999970244244,0.18925949999902514
synthetic-n20-seed404,20,404,LNS,8,True,600.0,9.54,22.391825365305372,12,5,3,0.4,0.5433211134371204,0.0018468000016582664,0.17413160000069183,0.00035989999742014334,0.1767970000000787
synthetic-n20-seed404,20,404,LNS,9,True,616.0,9.36,20.358676791410907,14,5,3,0.30000000000000004,0.5438777907937581,0.0018227000000479165,0.1749506999985897,0.00033350000012433156,0.1775759999982256
synthetic-n20-seed404,20,404,LNS,10,True,624.0,9.18,26.87502826123864,16,6,3,0.19999999999999996,0.5512129066222184,0.0021534000006795395,0.1889788000007684,0.00033089999851654284,0.1918974000000162
synthetic-n20-seed404,20,404,ALNS,1,True,584.0,9.76,21.24111524893597,14,5,3,0.30000000000000004,0.5398300950043331,0.0018860000018321443,0.22754910000003292,0.0003324999997857958,0.23026129999925615
synthetic-n20-seed404,20,404,ALNS,2,True,600.0,9.760000000000002,23.63637400339376,14,5,3,0.30000000000000004,0.5502691053599275,0.0019242000016674865,0.20139059999928577,0.00031970000054570846,0.20409550000113086
synthetic-n20-seed404,20,404,ALNS,3,True,592.0,9.54,21.139617110520753,12,5,3,0.4,0.5380344259875904,0.0018500000005587935,0.1717873999987205,0.0003623000011430122,0.17468840000219643
synthetic-n20-seed404,20,404,ALNS,4,True,616.0,9.68,21.890903786243925,13,5,3,0.35,0.553641733426492,0.001892800002678996,0.18632870000146795,0.0003403999980946537,0.18905330000052345
synthetic-n20-seed404,20,404,ALNS,5,True,608.0,10.833333333333334,22.049209307465063,12,4,3,0.4,0.578484514764102,0.0021030999996582977,0.19511769999735407,0.0003088000012212433,0.19795950000116136
synthetic-n20-seed404,20,404,ALNS,6,True,600.0,8.826666666666666,22.664511164134716,14,6,3,0.30000000000000004,0.5260956323097973,0.0018686000003071968,0.19037829999797395,0.0003752000011445489,0.19324970000161557
synthetic-n20-seed404,20,404,ALNS,7,True,656.0,9.006666666666668,21.694757435909892,13,6,3,0.35,0.555550485431744,0.0025278000030084513,0.24183090000224183,0.0003262000027461909,0.2453899000029196
synthetic-n20-seed404,20,404,ALNS,8,True,632.0,9.68,23.89626069541128,17,5,3,0.15000000000000002,0.563600805518558,0.0018407999996270519,0.20132609999927809,0.00031549999766866677,0.20392699999865727
synthetic-n20-seed404,20,404,ALNS,9,True,608.0,9.293333333333333,27.860654865041,18,5,3,0.09999999999999998,0.5477255851205469,0.0017512000013084617,0.18719530000089435,0.00038860000131535344,0.18979010000111884
synthetic-n20-seed404,20,404,ALNS,10,True,608.0,9.473333333333333,17.855695585245005,14,5,3,0.30000000000000004,0.5398415879765341,0.001790999998775078,0.19496159999835072,0.0004161000033491291,0.19765819999884116
synthetic-n20-seed404,20,404,VNS,1,True,664.0,9.826666666666666,22.29691939215032,14,5,3,0.30000000000000004,0.5802241173685411,0.0021682000005966984,0.04771459999756189,0.0003359000002092216,0.0507090999999491
synthetic-n20-seed404,20,404,VNS,2,True,584.0,9.54,18.684798549708788,12,5,3,0.4,0.5312674205838172,0.0020407999982126057,0.0437153999992006,0.00034109999978682026,0.04660359999979846
synthetic-n20-seed404,20,404,VNS,3,True,592.0,10.433333333333334,23.156919392150307,14,4,3,0.30000000000000004,0.5625100155349763,0.002072000002954155,0.03838199999881908,0.0003332999986014329,0.04126499999983935
synthetic-n20-seed404,20,404,VNS,4,True,584.0,10.2,22.216919392150313,14,4,3,0.30000000000000004,0.5518633349639765,0.002056299999821931,0.04389219999939087,0.00033650000113993883,0.04674759999761591
synthetic-n20-seed404,20,404,VNS,5,True,664.0,9.52,26.06890094904942,14,5,3,0.30000000000000004,0.5773174805191635,0.0019390000015846454,0.04694250000102329,0.0003298999981780071,0.04966500000227825
synthetic-n20-seed404,20,404,VNS,6,True,680.0,10.066666666666666,24.925290052776592,12,5,3,0.4,0.5968584894993304,0.0017674999980954453,0.05020130000048084,0.00033030000122380443,0.05275619999883929
synthetic-n20-seed404,20,404,VNS,7,True,664.0,9.933333333333334,24.86424911157117,14,5,3,0.30000000000000004,0.5860102609588342,0.002122500001860317,0.043614800000796095,0.00033909999910974875,0.04674449999947683
synthetic-n20-seed404,20,404,VNS,8,True,568.0,10.066666666666666,24.356919392150317,14,4,3,0.30000000000000004,0.5437244133427387,0.0017106000013882294,0.06339660000230651,0.000563299996429123,0.06627909999951953
synthetic-n20-seed404,20,404,VNS,9,True,688.0,9.926666666666666,26.23449046754734,12,5,3,0.4,0.5987687517395867,0.0028431999999156687,0.0452992999998969,0.0005437999971036334,0.04949720000149682
synthetic-n20-seed404,20,404,VNS,10,True,640.0,10.253333333333334,20.17327100499343,13,5,3,0.35,0.5768779763770787,0.00217279999924358,0.049021900002117036,0.0003322000011394266,0.05205059999934747
synthetic-n20-seed405,20,405,B0,1,True,632.0,11.420000000000002,32.46734477898431,15,4,3,0.25,0.7140504156143962,0.0016258000032394193,1.0600000678095967e-05,0.0003104999996139668,0.0024088000027404632
synthetic-n20-seed405,20,405,B2,1,True,568.0,11.166666666666668,22.435137715040415,12,4,3,0.4,0.6582594237074183,0.0017023999971570447,0.002834300001268275,0.0004195000001345761,0.005429199998616241
synthetic-n20-seed405,20,405,B3,1,True,568.0,10.746666666666668,22.059578994914,12,4,3,0.4,0.6454521284357803,0.0018381000008957926,0.006018899999617133,0.00043820000064442866,0.008920700001908699
synthetic-n20-seed405,20,405,B3,2,True,568.0,10.746666666666668,22.059578994914,12,4,3,0.4,0.6454521284357803,0.001957699998456519,0.005871600002137711,0.00030560000232071616,0.008654799999931129
synthetic-n20-seed405,20,405,B3,3,True,568.0,10.746666666666668,22.059578994914,12,4,3,0.4,0.6454521284357803,0.002613799999380717,0.005938599999353755,0.00031820000003790483,0.009327899999334477
synthetic-n20-seed405,20,405,B3,4,True,568.0,10.746666666666668,22.059578994914,12,4,3,0.4,0.6454521284357803,0.0017000000007101335,0.005960200000117766,0.0003012999986822251,0.008402499999647262
synthetic-n20-seed405,20,405,B3,5,True,568.0,10.746666666666668,22.059578994913995,12,4,3,0.4,0.6454521284357803,0.0019416999966779258,0.005846199997904478,0.0002996000002895016,0.008541699997294927
synthetic-n20-seed405,20,405,B3,6,True,568.0,10.746666666666668,22.059578994914,12,4,3,0.4,0.6454521284357803,0.0023087000008672476,0.005887600000278326,0.00032899999860092066,0.009081700001843274
synthetic-n20-seed405,20,405,B3,7,True,568.0,10.746666666666668,22.059578994914,12,4,3,0.4,0.6454521284357803,0.00184830000216607,0.0063722000013513025,0.0003113000020675827,0.008981500002846587
synthetic-n20-seed405,20,405,B3,8,True,568.0,10.746666666666668,22.059578994914,12,4,3,0.4,0.6454521284357803,0.003111199999693781,0.005856399999174755,0.0002963999977509957,0.009698799996840535
synthetic-n20-seed405,20,405,B3,9,True,568.0,10.746666666666668,22.059578994914,12,4,3,0.4,0.6454521284357803,0.0019596999991335906,0.006191299999045441,0.0002961999998660758,0.008915599999454571
synthetic-n20-seed405,20,405,B3,10,True,568.0,10.746666666666668,22.059578994914,12,4,3,0.4,0.6454521284357803,0.001866300000983756,0.0062706999997317325,0.0003083000010519754,0.008891299999959301
synthetic-n20-seed405,20,405,LNS,1,True,504.0,7.873333333333334,18.366206860062782,13,5,3,0.35,0.5224381869215238,0.0016458999998576473,0.19356560000233003,0.0003159000007144641,0.19598229999974137
synthetic-n20-seed405,20,405,LNS,2,True,520.0,7.706666666666666,19.283916166221196,15,5,3,0.25,0.527351576375461,0.002260799999930896,0.17291370000020834,0.0003311000000394415,0.1760361999986344
synthetic-n20-seed405,20,405,LNS,3,True,512.0,7.553333333333334,20.313323020673273,12,5,3,0.4,0.5201589332745841,0.0016629000019747764,0.20478880000155186,0.00033120000080089085,0.20725920000040787
synthetic-n20-seed405,20,405,LNS,4,True,512.0,7.466666666666667,15.932705810503307,11,5,3,0.44999999999999996,0.5112360632461204,0.0018902999981946778,0.1917998000026273,0.00038389999826904386,0.19457649999822024
synthetic-n20-seed405,20,405,LNS,5,True,520.0,7.86,14.022703436529197,14,5,3,0.30000000000000004,0.5241487946138945,0.002126800001860829,0.2283462999985204,0.0003491000024951063,0.23131959999955143
synthetic-n20-seed405,20,405,LNS,6,True,560.0,8.14,16.40367170224961,12,5,3,0.4,0.5568934888174149,0.0016990000003715977,0.17747950000193669,0.0003460000007180497,0.17997190000096452
synthetic-n20-seed405,20,405,LNS,7,True,528.0,7.773333333333333,14.977747505396772,13,5,3,0.35,0.5272323468264465,0.001934100000653416,0.18810769999981858,0.0003313999986858107,0.1908450000009907
synthetic-n20-seed405,20,405,LNS,8,True,528.0,7.86,14.766719919292463,11,5,3,0.44999999999999996,0.5294540423127703,0.0018637000030139461,0.17792669999835198,0.00030870000045979396,0.18056330000035814
synthetic-n20-seed405,20,405,LNS,9,True,512.0,8.326666666666668,14.91390728817952,11,5,3,0.44999999999999996,0.534851360207119,0.0036194999993313104,0.19379740000294987,0.0003222999985155184,0.1981884999986505
synthetic-n20-seed405,20,405,LNS,10,True,536.0,7.760000000000001,20.06307047511583,14,5,3,0.30000000000000004,0.5384842375788673,0.0017594000019016676,0.20652400000108173,0.00031859999944572337,0.20916729999953532
synthetic-n20-seed405,20,405,ALNS,1,True,512.0,7.68,15.369198013464704,14,5,3,0.30000000000000004,0.5166405566343691,0.0018850999986170791,0.20890779999899678,0.00031969999690772966,0.21154509999905713
synthetic-n20-seed405,20,405,ALNS,2,True,536.0,9.073333333333334,20.800975103641107,13,4,3,0.35,0.5778954624696903,0.0020889999977953266,0.1764543000026606,0.0003022999990207609,0.17931699999826378
synthetic-n20-seed405,20,405,ALNS,3,True,504.0,7.920000000000001,15.498441916484943,11,5,3,0.44999999999999996,0.5196150234506475,0.0017750000006344635,0.1825578999996651,0.0003263000035076402,0.18517160000192234
synthetic-n20-seed405,20,405,ALNS,4,True,504.0,7.420000000000001,14.806802108621255,13,5,3,0.35,0.5040113459727378,0.0017787000033422373,0.17923979999977746,0.0003099000023212284,0.18177439999999478
synthetic-n20-seed405,20,405,ALNS,5,True,504.0,7.706666666666666,12.267967334656534,12,5,3,0.4,0.5086734863104035,0.00266389999887906,0.16010969999842928,0.00032780000037746504,0.16355389999807812
synthetic-n20-seed405,20,405,ALNS,6,True,560.0,8.006666666666666,22.59697952469405,15,5,3,0.25,0.562040367328474,0.0018807000014930964,0.22587410000051023,0.00033769999936339445,0.22867630000109784
synthetic-n20-seed405,20,405,ALNS,7,True,520.0,7.706666666666667,16.714970700644187,15,5,3,0.25,0.5236023856784718,0.0019737000002351124,0.22700829999666894,0.00031879999733064324,0.22974360000080196
synthetic-n20-seed405,20,405,ALNS,8,True,504.0,7.526666666666667,16.795857590325436,14,5,3,0.30000000000000004,0.5100276752416192,0.001775099997757934,0.15061649999915971,0.00030450000122073106,0.15317399999912595
synthetic-n20-seed405,20,405,ALNS,9,True,504.0,7.473333333333334,20.971314219058698,15,5,3,0.25,0.5145647300607473,0.0023377999968943186,0.21957389999806765,0.0003300000025774352,0.22270120000030147
synthetic-n20-seed405,20,405,ALNS,10,True,544.0,7.953333333333333,16.571529848044293,13,5,3,0.35,0.5432511162713679,0.0018764999986160547,0.2001555000024382,0.00033260000054724514,0.20281959999920218
synthetic-n20-seed405,20,405,VNS,1,True,528.0,8.886666666666667,17.21474861068898,15,4,3,0.25,0.5629936833295972,0.0018269000029249582,0.041306499999336665,0.0003524999992805533,0.043934000001172535
synthetic-n20-seed405,20,405,VNS,2,True,536.0,8.033333333333333,18.00721253914392,12,5,3,0.4,0.543462067016542,0.0017593000011402182,0.041727200001332676,0.0003312999979243614,0.0443145999997796
synthetic-n20-seed405,20,405,VNS,3,True,536.0,7.84,18.1370906240812,15,5,3,0.25,0.5380084934880404,0.001877399998193141,0.037137799998163246,0.00036609999733627774,0.03994549999697483
synthetic-n20-seed405,20,405,VNS,4,True,528.0,8.706666666666667,17.657609205976726,16,4,3,0.19999999999999996,0.5583860659847165,0.0017698000010568649,0.03853520000120625,0.00032669999927747995,0.04112959999838495
synthetic-n20-seed405,20,405,VNS,5,True,528.0,8.666666666666668,17.839796371171435,15,4,3,0.25,0.5574844126939907,0.0022982999980740715,0.03926819999833242,0.00032479999936185777,0.04233349999776692
synthetic-n20-seed405,20,405,VNS,6,True,520.0,8.766666666666667,18.306463037838093,15,4,3,0.25,0.5568649255751354,0.002451399999699788,0.04095990000132588,0.00030419999893638305,0.04421020000154385
synthetic-n20-seed405,20,405,VNS,7,True,528.0,9.306666666666667,16.73798850529252,15,4,3,0.25,0.5745570807239397,0.0017031999996106606,0.03923500000018976,0.00033540000003995374,0.04188770000109798
synthetic-n20-seed405,20,405,VNS,8,True,536.0,9.213333333333333,17.608304033977525,15,4,3,0.25,0.577322387353427,0.0022315999995043967,0.04491989999951329,0.00031859999944572337,0.047911800000292715
synthetic-n20-seed405,20,405,VNS,9,True,536.0,9.573333333333334,19.365836994996467,14,4,3,0.30000000000000004,0.5903952609100805,0.0022499999977299012,0.05791749999843887,0.00030980000155977905,0.06096550000074785
synthetic-n20-seed405,20,405,VNS,10,True,528.0,8.766666666666667,17.653753485258417,16,4,3,0.19999999999999996,0.560131752323423,0.0017351000024063978,0.04221210000105202,0.00033540000003995374,0.044793200002459344
synthetic-n50-seed401,50,401,B0,1,True,1744.0,25.299999999999997,199.57975832891194,31,10,3,0.38,0.7192568533146013,0.0024109000005410053,1.3500000932253897e-05,0.0006609999982174486,0.0037049000020488165
synthetic-n50-seed401,50,401,B2,1,True,1368.0,21.580000000000002,92.3820826636904,25,10,3,0.5,0.5701324703202966,0.0023259000008692965,0.02032150000013644,0.000545599999895785,0.023896099999547005
synthetic-n50-seed401,50,401,B3,1,True,1368.0,20.69333333333333,92.65534275886544,23,10,3,0.54,0.5585224378464735,0.0021643000000040047,0.02853300000060699,0.0006261999988055322,0.031967499999154825
synthetic-n50-seed401,50,401,B3,2,True,1368.0,20.52,99.6666718683226,23,10,3,0.54,0.55808624876684,0.002947599998151418,0.028182899997773347,0.0005390000005718321,0.0322983000005479
synthetic-n50-seed401,50,401,B3,3,True,1368.0,20.52,99.6666718683226,23,10,3,0.54,0.55808624876684,0.0022616999995079823,0.02772209999966435,0.0005339000017556828,0.03118259999973816
synthetic-n50-seed401,50,401,B3,4,True,1368.0,20.69333333333333,92.65534275886544,23,10,3,0.54,0.5585224378464735,0.0023685999985900708,0.029138499998225598,0.0007816999968781602,0.0329743000002054
synthetic-n50-seed401,50,401,B3,5,True,1368.0,20.893333333333334,94.09671017781001,22,10,3,0.56,0.5615372909212942,0.0023619000021426473,0.029027299999142997,0.0005851999994774815,0.03257860000303481
synthetic-n50-seed401,50,401,B3,6,True,1368.0,20.52,100.70090019865907,25,10,3,0.5,0.5583587727010525,0.002678500000911299,0.028227200000401353,0.0006180000018503051,0.03212609999900451
synthetic-n50-seed401,50,401,B3,7,True,1368.0,20.893333333333334,94.38639902509888,24,10,3,0.52,0.5616136252684059,0.0021559999986493494,0.02952229999937117,0.0005487000016728416,0.032833599998411955
synthetic-n50-seed401,50,401,B3,8,True,1368.0,20.886666666666667,100.27149409386844,23,10,3,0.54,0.5630765400867027,0.002193300002545584,0.028041300000040792,0.0005989999990561046,0.03149960000155261
synthetic-n50-seed401,50,401,B3,9,True,1368.0,20.726666666666667,92.62200942553216,23,10,3,0.54,0.558952828711647,0.002360500002396293,0.02873600000020815,0.0005561999969359022,0.03226630000062869
synthetic-n50-seed401,50,401,B3,10,True,1368.0,20.886666666666667,93.61239381640151,23,10,3,0.54,0.5613218364562766,0.0023374999982479494,0.03041970000049332,0.0005467000009957701,0.03391700000065612
synthetic-n50-seed401,50,401,LNS,1,True,1296.0,18.726666666666667,115.61004648214667,26,9,3,0.48,0.5248983534585279,0.00225759999739239,1.0000681999990775,0.000547699997696327,1.0035250000000815
synthetic-n50-seed401,50,401,LNS,2,True,1240.0,18.653333333333332,118.40008285826431,23,9,3,0.54,0.5139639934201629,0.0023995000010472722,1.0000547000017832,0.0006042999993951526,1.0037405000002764
synthetic-n50-seed401,50,401,LNS,3,True,1328.0,19.253333333333334,107.51040650136656,24,10,3,0.52,0.5358192236895858,0.002379499997914536,1.0001053999985743,0.0005750999989686534,1.003694799997902
synthetic-n50-seed401,50,401,LNS,4,True,1272.0,18.673333333333336,109.37975491696382,25,9,3,0.5,0.5179668079743162,0.0024150000026565976,1.000069000001531,0.0005926999983785208,1.0037498000019696
synthetic-n50-seed401,50,401,LNS,5,True,1304.0,19.12,99.09141595664445,25,11,3,0.5,0.5272569274861278,0.00225499999942258,1.0000958999989962,0.0005481999978655949,1.003611700001784
synthetic-n50-seed401,50,401,LNS,6,True,1288.0,19.386666666666663,103.10241562651692,26,9,3,0.48,0.5287691352373927,0.002312000000529224,1.0000774000000092,0.0005396999986260198,1.003546700001607
synthetic-n50-seed401,50,401,LNS,7,True,1336.0,19.946666666666665,113.41258831515165,27,10,3,0.45999999999999996,0.5480383543283288,0.0022382000024663284,1.0000877999991644,0.0005810000002384186,1.003546500000084
synthetic-n50-seed401,50,401,LNS,8,True,1312.0,18.9,117.01489108650685,26,10,3,0.48,0.5306103470970476,0.0021286999981384724,1.000084599996626,0.0005400999980338383,1.0033683000001474
synthetic-n50-seed401,50,401,LNS,9,True,1280.0,19.14666666666667,96.18479744076335,27,10,3,0.45999999999999996,0.5222552036222856,0.0031613999999535736,1.0000638000019535,0.0005516000019269995,1.0043996999993396
synthetic-n50-seed401,50,401,LNS,10,True,1248.0,19.053333333333335,95.16974588636873,21,10,3,0.5800000000000001,0.514641836719684,0.0022250000001804437,1.0000889999973879,0.0005696000007446855,1.003532599999744
synthetic-n50-seed401,50,401,ALNS,1,True,1344.0,19.88,108.92268305696302,24,10,3,0.52,0.5475059468716902,0.003491100000246661,1.000096100000519,0.0005318000003171619,1.0047273999989557
synthetic-n50-seed401,50,401,ALNS,2,True,1240.0,18.653333333333332,118.40008285826431,23,9,3,0.54,0.5139639934201629,0.002452599997923244,1.000513700000738,0.001402800000505522,1.0058605999984138
synthetic-n50-seed401,50,401,ALNS,3,True,1312.0,20.84,95.80191980904972,25,10,3,0.5,0.5505805786444897,0.005926600002567284,1.0006167999999889,0.00537619999886374,1.0148700999998255
synthetic-n50-seed401,50,401,ALNS,4,True,1328.0,20.166666666666664,118.40935304217538,23,10,3,0.54,0.5507245236125042,0.014019199999893317,1.0001455000019632,0.0013375000016822014,1.0169367000016791
synthetic-n50-seed401,50,401,ALNS,5,True,1304.0,19.12,99.09141595664445,25,11,3,0.5,0.5272569274861278,0.004668999998102663,1.0003302000004624,0.0014104999972914811,1.0082722999977705
synthetic-n50-seed401,50,401,ALNS,6,True,1288.0,19.386666666666663,103.10241562651692,26,9,3,0.48,0.5287691352373927,0.007272099999681814,1.000147199996718,0.0014995000019553117,1.010837599998922
synthetic-n50-seed401,50,401,ALNS,7,True,1320.0,21.026666666666664,106.75133446896989,26,10,3,0.48,0.5574542282589381,0.013647600000695093,1.001656100001128,0.0028214000012667384,1.0277802999989945
synthetic-n50-seed401,50,401,ALNS,8,True,1392.0,20.706666666666667,101.19826735375031,25,11,3,0.5,0.5655363635756661,0.010527599999477388,1.0001417999992555,0.001451299998734612,1.0136681000003591
synthetic-n50-seed401,50,401,ALNS,9,True,1280.0,19.14666666666667,96.18479744076335,27,10,3,0.45999999999999996,0.5222552036222856,0.011433699997724034,1.0006020000000717,0.0017632999988563824,1.0155494999999064
synthetic-n50-seed401,50,401,ALNS,10,True,1336.0,19.206666666666667,100.52345645822855,20,10,3,0.6,0.5348923380287444,0.007361399999354035,1.0001878000002762,0.0015529000011156313,1.010897500000283
synthetic-n50-seed401,50,401,VNS,1,True,1360.0,19.613333333333333,103.68290435860276,23,10,3,0.54,0.5456699501801123,0.00811239999893587,0.29117799999949057,0.0010546999983489513,0.3017686000021058
synthetic-n50-seed401,50,401,VNS,2,True,1368.0,19.706666666666667,100.73098767865004,24,10,3,0.52,0.5476508466966583,0.0066710999999486376,0.4426789999997709,0.005421799996838672,0.4561738999982481
synthetic-n50-seed401,50,401,VNS,3,True,1368.0,19.533333333333335,106.16523146178388,26,10,3,0.48,0.5467990883610766,0.010486499999387888,0.24863729999924544,0.0015198000000964385,0.2620013999985531
synthetic-n50-seed401,50,401,VNS,4,True,1312.0,19.14,112.37036685763256,25,10,3,0.5,0.5325485488812706,0.005927800000790739,0.32013300000107847,0.0030280999999376945,0.3305657999990217
synthetic-n50-seed401,50,401,VNS,5,True,1344.0,19.25333333333333,115.07342666487911,25,10,3,0.5,0.5408702183537936,0.014346399999340065,0.3275566999982402,0.012907200001791352,0.3611038000017288
synthetic-n50-seed401,50,401,VNS,6,True,1336.0,19.64666666666667,98.94151481082758,25,10,3,0.5,0.5402725905590735,0.016669600001478102,0.35121060000165016,0.0027241999996476807,0.3739564999996219
synthetic-n50-seed401,50,401,VNS,7,True,1328.0,19.14666666666667,95.95647146378705,26,10,3,0.48,0.5313693506010713,0.01018340000155149,0.3256280000023253,0.002430700002150843,0.3412649000019883
synthetic-n50-seed401,50,401,VNS,8,True,1320.0,19.35333333333333,99.01406239723296,24,10,3,0.52,0.5333688689075802,0.007296600000699982,0.323821300000418,0.0029862000010325573,0.33648010000251816
synthetic-n50-seed401,50,401,VNS,9,True,1328.0,19.433333333333334,98.8541570742691,23,10,3,0.54,0.5359098035506933,0.00798170000052778,0.5093989000015426,0.0026710000020102598,0.5244133999985934
synthetic-n50-seed401,50,401,VNS,10,True,1320.0,19.566666666666666,107.78270852229424,27,10,3,0.45999999999999996,0.538490163450855,0.014593999996577622,0.4121000000013737,0.0023849999997764826,0.4307874999976775
synthetic-n50-seed402,50,402,B0,1,True,2024.0,27.75333333333333,200.48505450190754,32,11,3,0.36,0.7148254594848044,0.006334699999570148,3.179999839630909e-05,0.0016116000006149989,0.010309699999197619
synthetic-n50-seed402,50,402,B2,1,True,1576.0,23.05333333333333,99.49915629633615,23,10,3,0.54,0.5603365300211757,0.012164899999334011,0.07806649999838555,0.001822600002924446,0.09487499999886495
synthetic-n50-seed402,50,402,B3,1,True,1576.0,22.63333333333333,97.92084070921244,22,10,3,0.56,0.5549129615400025,0.012719999998807907,0.13270600000032573,0.006769200001144782,0.1584885000011127
synthetic-n50-seed402,50,402,B3,2,True,1576.0,22.63333333333333,97.92084070921246,22,10,3,0.56,0.5549129615400025,0.011359199997968972,0.14692060000015772,0.006725300001562573,0.17201650000060908
synthetic-n50-seed402,50,402,B3,3,True,1576.0,23.05333333333333,99.11417404254578,22,10,3,0.56,0.5602440529003997,0.006360499999573221,0.1313717999983055,0.0027704999993147794,0.1483364999985497
synthetic-n50-seed402,50,402,B3,4,True,1576.0,22.63333333333333,97.92084070921246,22,10,3,0.56,0.5549129615400025,0.013020599999435944,0.15558940000119037,0.0038659999991068617,0.17485120000128518
synthetic-n50-seed402,50,402,B3,5,True,1576.0,22.63333333333333,97.92084070921244,22,10,3,0.56,0.5549129615400025,0.012206600000354229,0.18053839999993215,0.0017716000002110377,0.19711539999843808
synthetic-n50-seed402,50,402,B3,6,True,1576.0,23.05333333333333,99.11417404254578,22,10,3,0.56,0.5602440529003997,0.023036700000375276,0.10700600000200211,0.0014836000009381678,0.13330349999887403
synthetic-n50-seed402,50,402,B3,7,True,1576.0,22.433333333333334,123.43662260325038,25,10,3,0.5,0.5586400290139487,0.00899790000039502,0.1350270000002638,0.001614499997231178,0.14763490000041202
synthetic-n50-seed402,50,402,B3,8,True,1576.0,22.63333333333333,97.92084070921246,22,10,3,0.56,0.5549129615400025,0.008548600002541207,0.09920200000124169,0.002789199999824632,0.11827700000139885
synthetic-n50-seed402,50,402,B3,9,True,1576.0,22.63333333333333,97.92084070921246,22,10,3,0.56,0.5549129615400025,0.00727280000137398,0.16910160000043106,0.0015496999985771254,0.18194900000162306
synthetic-n50-seed402,50,402,B3,10,True,1576.0,22.43333333333333,110.64869340005828,23,10,3,0.54,0.5555682228157282,0.017435400000977097,0.16116350000083912,0.002379100002144696,0.1857266000006348
synthetic-n50-seed402,50,402,LNS,1,True,1552.0,21.92666666666667,104.82458835104629,22,10,3,0.56,0.5441312821871213,0.013832700002240017,1.0003131999983452,0.0019941000027756672,1.0208607000022312
synthetic-n50-seed402,50,402,LNS,2,True,1536.0,21.86,117.9847630222096,26,10,3,0.48,0.54385675525177,0.01950840000063181,1.0002529000012146,0.00210739999965881,1.02504670000053
synthetic-n50-seed402,50,402,LNS,3,True,1520.0,22.059999999999995,119.07147705488404,22,10,3,0.56,0.5438848640826558,0.008154000002832618,1.0005978000008326,0.0026789000003191177,1.0151465000017197
synthetic-n50-seed402,50,402,LNS,4,True,1528.0,22.19333333333333,134.1379998634704,26,10,3,0.48,0.5504229467057885,0.009112200001254678,1.0005894000023545,0.00395609999759472,1.0162949000005028
synthetic-n50-seed402,50,402,LNS,5,True,1552.0,21.766666666666666,110.62975399123128,25,11,3,0.5,0.5436040579834663,0.011847699999634642,1.000164200002473,0.001530800000182353,1.0180140000011306
synthetic-n50-seed402,50,402,LNS,6,True,1456.0,21.80666666666667,107.69269268621879,21,10,3,0.5800000000000001,0.527568688508762,0.007579099998110905,1.0002356999975746,0.03196079999906942,1.0474429999994754
synthetic-n50-seed402,50,402,LNS,7,True,1576.0,23.05333333333333,99.49915629633615,23,10,3,0.54,0.5603365300211757,0.016904399999475572,1.0046144000007189,0.0018171999981859699,1.0326155999973707
synthetic-n50-seed402,50,402,LNS,8,True,1576.0,22.506666666666668,101.76718364199579,23,10,3,0.54,0.5543155581288688,0.0333189000011771,1.002290799999173,0.00733109999782755,1.0558897000009893
synthetic-n50-seed402,50,402,LNS,9,True,1480.0,20.360000000000003,97.84273464796979,20,10,3,0.6,0.5117798953506941,0.03518949999852339,1.000228299999435,0.0014771999994991347,1.038626800000202
synthetic-n50-seed402,50,402,LNS,10,True,1584.0,21.826666666666664,116.3462270176988,23,11,3,0.54,0.5509679462769714,0.013343800001166528,1.000803700000688,0.0012228000014147256,1.0170976000008523
synthetic-n50-seed402,50,402,ALNS,1,True,1552.0,21.92666666666667,104.82458835104629,22,10,3,0.56,0.5441312821871213,0.009787499999220017,1.0002592999990156,0.0017813999984355178,1.0136244999994233
synthetic-n50-seed402,50,402,ALNS,2,True,1536.0,21.86,117.9847630222096,26,10,3,0.48,0.54385675525177,0.007591199999296805,1.0013025999978709,0.0038314999983413145,1.0163265999981377
synthetic-n50-seed402,50,402,ALNS,3,True,1520.0,22.059999999999995,119.07147705488404,22,10,3,0.56,0.5438848640826558,0.07452300000295509,1.000300800002151,0.0014176000004226808,1.0777629000003799
synthetic-n50-seed402,50,402,ALNS,4,True,1528.0,22.19333333333333,134.1379998634704,26,10,3,0.48,0.5504229467057885,0.005883200003154343,1.0001933999992616,0.001647400000365451,1.0094081000024744
synthetic-n50-seed402,50,402,ALNS,5,True,1480.0,22.4,111.7219083256324,25,10,3,0.5,0.5396153922706227,0.005205299999943236,1.0001344999982393,0.0014792000001762062,1.0084528000006685
synthetic-n50-seed402,50,402,ALNS,6,True,1456.0,21.80666666666667,107.69269268621879,21,10,3,0.5800000000000001,0.527568688508762,0.007520000002841698,1.0002130000029865,0.0044479000025603455,1.013964500001748
synthetic-n50-seed402,50,402,ALNS,7,True,1536.0,21.686666666666667,119.55024338231115,28,10,3,0.43999999999999995,0.542150969446686,0.010691300001781201,1.0001794999989215,0.0015927000022202265,1.014068300002691
synthetic-n50-seed402,50,402,ALNS,8,True,1504.0,21.566666666666663,101.40747651101756,25,10,3,0.5,0.5310815097275681,0.0051318000005267095,1.0004092000017408,0.0028137000008428004,1.015354400002252
synthetic-n50-seed402,50,402,ALNS,9,True,1480.0,20.360000000000003,97.84273464796979,20,10,3,0.6,0.5117798953506941,0.011997600002359832,1.0002657000004547,0.0032806000017444603,1.0176878000020224
synthetic-n50-seed402,50,402,ALNS,10,True,1544.0,21.973333333333333,111.28121225917408,26,10,3,0.48,0.5449252069424929,0.01821399999971618,1.00033429999894,0.0018392999991192482,1.024735300001339
synthetic-n50-seed402,50,402,VNS,1,True,1536.0,21.259999999999998,106.43815127689979,22,10,3,0.56,0.5338767860600069,0.01702859999932116,0.46063839999987977,0.00333899999895948,0.48776809999981197
synthetic-n50-seed402,50,402,VNS,2,True,1504.0,20.653333333333332,101.92933839890759,23,10,3,0.54,0.5202372136000696,0.01722199999858276,0.47609400000146707,0.005404300001828233,0.5003092999977525
synthetic-n50-seed402,50,402,VNS,3,True,1528.0,22.113333333333337,101.6849519616078,20,10,3,0.6,0.5416665095446398,0.011758200002077501,0.31145049999759067,0.0015907999986666255,0.3260150000023714
synthetic-n50-seed402,50,402,VNS,4,True,1576.0,21.979999999999997,107.69964133100027,25,10,3,0.5,0.549415035514329,0.008910399999876972,0.5328115000011167,0.00229849999959697,0.5509002999970107
synthetic-n50-seed402,50,402,VNS,5,True,1536.0,21.473333333333333,107.2479886710244,22,10,3,0.56,0.5366335730071103,0.013349699998798314,0.39228730000104406,0.0017389999993611127,0.40901619999931427
synthetic-n50-seed402,50,402,VNS,6,True,1560.0,21.400000000000002,103.22812440596974,24,10,3,0.52,0.5387397499282788,0.007739600001514191,0.36067259999981616,0.0014491000001726206,0.3736644000018714
synthetic-n50-seed402,50,402,VNS,7,True,1544.0,22.24666666666667,109.68292889210477,20,10,3,0.6,0.5478241700219063,0.009780600001249695,0.44568660000004456,0.003503299998556031,0.4615494999998191
synthetic-n50-seed402,50,402,VNS,8,True,1552.0,21.073333333333334,105.29756002277456,24,10,3,0.52,0.5339958762310947,0.017335199998342432,0.4606960999990406,0.001745699999446515,0.4813773999994737
synthetic-n50-seed402,50,402,VNS,9,True,1544.0,21.71333333333333,99.0146495897954,24,10,3,0.52,0.538855890903728,0.008011400001123548,0.2659650999994483,0.0017090000001189765,0.27722480000011274
synthetic-n50-seed402,50,402,VNS,10,True,1552.0,21.673333333333332,96.63003020743426,22,10,3,0.56,0.5391201784613756,0.006206899997778237,0.2659273999997822,0.0020990999983041547,0.2763128999977198
synthetic-n50-seed403,50,403,B0,1,True,1904.0,27.6,223.18234959026688,30,12,3,0.4,0.720575446760934,0.005104600000777282,2.680000034160912e-05,0.0015147999984037597,0.008248400001320988
synthetic-n50-seed403,50,403,B2,1,True,1504.0,22.306666666666665,119.90026439672268,23,11,3,0.54,0.5616709254452902,0.006758899999113055,0.08455559999856632,0.003261699999711709,0.0990447000003769
synthetic-n50-seed403,50,403,B3,1,True,1504.0,22.306666666666665,116.17692968735071,22,11,3,0.56,0.5607715692352969,0.012836099998821737,0.11720820000118692,0.004095000000233995,0.13610390000030748
synthetic-n50-seed403,50,403,B3,2,True,1504.0,21.840000000000003,118.18897059679128,23,11,3,0.54,0.5556214986015064,0.021680599998944672,0.1642184999982419,0.0027956999983871356,0.19198160000087228
synthetic-n50-seed403,50,403,B3,3,True,1504.0,22.093333333333334,115.75026302068406,22,11,3,0.56,0.5580920201209653,0.010796999999001855,0.13408669999989797,0.0011822999986179639,0.14720840000154567
synthetic-n50-seed403,50,403,B3,4,True,1504.0,22.306666666666665,119.90026439672268,23,11,3,0.54,0.5616709254452902,0.008907100000214996,0.10610200000155601,0.004901600001176121,0.12243149999994785
synthetic-n50-seed403,50,403,B3,5,True,1504.0,22.093333333333334,115.75026302068406,22,11,3,0.56,0.5580920201209653,0.01002380000136327,0.15851870000187773,0.0035724000008485746,0.1737721000026795
synthetic-n50-seed403,50,403,B3,6,True,1504.0,22.306666666666665,119.90026439672268,23,11,3,0.54,0.5616709254452902,0.004400199999508914,0.08844339999996009,0.0015316999997594394,0.09780959999989136
synthetic-n50-seed403,50,403,B3,7,True,1504.0,22.093333333333334,119.56978095049892,23,11,3,0.54,0.5590146089929012,0.006531200000608806,0.0830638999977964,0.0029727000001003034,0.09593950000271434
synthetic-n50-seed403,50,403,B3,8,True,1504.0,22.306666666666665,119.90026439672268,23,11,3,0.54,0.5616709254452902,0.013386700000410201,0.1753037000016775,0.0034491000005800743,0.19612029999916558
synthetic-n50-seed403,50,403,B3,9,True,1504.0,21.880000000000003,117.21673885884104,23,11,3,0.54,0.5558697518049001,0.008495099998981459,0.16791310000189696,0.0027465999992273282,0.18331259999831673
synthetic-n50-seed403,50,403,B3,10,True,1504.0,21.840000000000003,117.36787212808235,23,11,3,0.54,0.5554231656380503,0.025949300001229858,0.17323980000219308,0.003352600000653183,0.20563680000122986
synthetic-n50-seed403,50,403,LNS,1,True,1440.0,21.013333333333335,129.19177019337818,22,12,3,0.56,0.5370908009303481,0.013277599999128142,1.0003510000024107,0.003503899999486748,1.0199104999992414
synthetic-n50-seed403,50,403,LNS,2,True,1440.0,22.373333333333335,139.1682791056209,26,11,3,0.48,0.5559257064647063,0.010398300000815652,1.000381699999707,0.005038100000092527,1.0180622000007133
synthetic-n50-seed403,50,403,LNS,3,True,1488.0,21.740000000000002,147.30926597523163,28,11,3,0.43999999999999995,0.5586465364572982,0.020888799997919705,1.0012660000029427,0.0022224999993341044,1.0270969999983208
synthetic-n50-seed403,50,403,LNS,4,True,1448.0,21.6,142.72969368264788,27,11,3,0.45999999999999996,0.5488467371985448,0.014087700001255143,1.0002214999985881,0.0025444999992032535,1.0194196000011289
synthetic-n50-seed403,50,403,LNS,5,True,1464.0,21.72666666666667,137.5261886449478,24,11,3,0.52,0.5519207630321428,0.007593899998028064,1.0003412000005483,0.0025120999998762272,1.0127094999988913
synthetic-n50-seed403,50,403,LNS,6,True,1504.0,22.306666666666665,119.90026439672268,23,11,3,0.54,0.5616709254452902,0.013554400000430178,1.0001441999993403,0.0012362999987090006,1.0164025999984005
synthetic-n50-seed403,50,403,LNS,7,True,1456.0,21.913333333333334,163.77138575288282,28,11,3,0.43999999999999995,0.5591140507407266,0.006515400000353111,1.000157999998919,0.00155570000060834,1.0100101999996696
synthetic-n50-seed403,50,403,LNS,8,True,1488.0,21.86,141.48349795958808,25,11,3,0.5,0.5586886214776742,0.0071131000004243106,1.0004093999996257,0.004649899998184992,1.0159802000016498
synthetic-n50-seed403,50,403,LNS,9,True,1448.0,22.213333333333335,126.13396018775481,22,11,3,0.56,0.5522455133269926,0.01473690000057104,1.0005185000009078,0.0033215000003110617,1.0219432000012603
synthetic-n50-seed403,50,403,LNS,10,True,1432.0,22.02,124.90627378995259,23,11,3,0.54,0.5468129066313571,0.012591300001076888,1.0002607000024,0.002802500002871966,1.0217339000009815
synthetic-n50-seed403,50,403,ALNS,1,True,1400.0,21.32,125.00623506718803,24,11,3,0.52,0.5327807046908525,0.01690020000023651,1.0004880999986199,0.005666900000505848,1.0279853000029107
synthetic-n50-seed403,50,403,ALNS,2,True,1440.0,22.373333333333335,139.1682791056209,26,11,3,0.48,0.5559257064647063,0.018218399996840162,1.0003685999981826,0.002572500001406297,1.0232196999968437
synthetic-n50-seed403,50,403,ALNS,3,True,1488.0,21.740000000000002,147.30926597523163,28,11,3,0.43999999999999995,0.5586465364572982,0.007823799998732284,1.0003466000016488,0.006136399999377318,1.0187466999996104
synthetic-n50-seed403,50,403,ALNS,4,True,1448.0,21.6,142.72969368264788,27,11,3,0.45999999999999996,0.5488467371985448,0.010378500002843793,1.0004894999983662,0.0020167000002402347,1.0150834000014584
synthetic-n50-seed403,50,403,ALNS,5,True,1432.0,21.520000000000003,166.42346482868115,28,11,3,0.43999999999999995,0.5508025663025475,0.007523299998865696,1.000709600000846,0.004116600000998005,1.01734260000012
synthetic-n50-seed403,50,403,ALNS,6,True,1504.0,22.306666666666665,119.90026439672268,23,11,3,0.54,0.5616709254452902,0.019551399996998953,1.000693300000421,0.002572999997937586,1.0259068999985175
synthetic-n50-seed403,50,403,ALNS,7,True,1448.0,22.626666666666665,137.55100391378085,21,11,3,0.5800000000000001,0.559995201827643,0.009542700001475168,1.0001723000023048,0.002269799999339739,1.0138531000011426
synthetic-n50-seed403,50,403,ALNS,8,True,1488.0,21.86,141.48349795958808,25,11,3,0.5,0.5586886214776742,0.009194499998557149,1.0006540000031237,0.0015875999997660983,1.0131824999989476
synthetic-n50-seed403,50,403,ALNS,9,True,1448.0,22.213333333333335,126.13396018775481,22,11,3,0.56,0.5522455133269926,0.0060957999994570855,1.002408899999864,0.008281400001578731,1.0187169999990147
synthetic-n50-seed403,50,403,ALNS,10,True,1448.0,21.686666666666667,127.66921193672843,30,11,3,0.4,0.5462556385481617,0.010824400000274181,1.0015710000006948,0.004833800001506461,1.0196050999984436
synthetic-n50-seed403,50,403,VNS,1,True,1424.0,21.273333333333333,124.06601350985541,25,11,3,0.5,0.5361916716214146,0.008084099998086458,0.3100488999989466,0.0036884000001009554,0.32361679999667103
synthetic-n50-seed403,50,403,VNS,2,True,1456.0,21.546666666666667,131.28411299942795,25,11,3,0.5,0.5468385420241111,0.009599099998013116,0.23509420000118553,0.0035624999982246663,0.24978729999929783
synthetic-n50-seed403,50,403,VNS,3,True,1392.0,21.233333333333334,122.46029440695344,23,11,3,0.54,0.529718484081843,0.005849400000442984,0.23002849999829778,0.0023700999990978744,0.2407950000015262
synthetic-n50-seed403,50,403,VNS,4,True,1456.0,20.806666666666665,127.89765532586678,25,11,3,0.5,0.5370833590111735,0.016079199998785043,0.37641309999889927,0.010000599999330007,0.4050846999998612
synthetic-n50-seed403,50,403,VNS,5,True,1464.0,21.726666666666667,125.98238098015149,23,11,3,0.54,0.5491324036928199,0.0215262999990955,0.2801727000005485,0.0014293000022007618,0.3046868000019458
synthetic-n50-seed403,50,403,VNS,6,True,1464.0,21.586666666666666,126.06827576291737,25,11,3,0.5,0.5474623299688504,0.0065040999979828484,0.126449399998819,0.0008085999979812186,0.1349475999995775
synthetic-n50-seed403,50,403,VNS,7,True,1432.0,20.813333333333333,143.71761853170423,27,11,3,0.45999999999999996,0.5367834407879798,0.003989900000306079,0.08370270000159508,0.0006758999988960568,0.08911129999978584
synthetic-n50-seed403,50,403,VNS,8,True,1456.0,21.66,137.5676144560221,26,11,3,0.48,0.549725056063546,0.003339599999890197,0.07534149999992223,0.0005898000017623417,0.07998930000030668
synthetic-n50-seed403,50,403,VNS,9,True,1432.0,21.64,124.42923535243646,27,11,3,0.45999999999999996,0.5421083079749521,0.002352999999857275,0.08153060000040568,0.0034807000010914635,0.08801579999999376
synthetic-n50-seed403,50,403,VNS,10,True,1480.0,22.226666666666667,115.0654177872564,26,11,3,0.48,0.5553352238528603,0.002292899996973574,0.09083239999745274,0.001044799999363022,0.09523149999949965
synthetic-n50-seed404,50,404,B0,1,True,1976.0,27.093333333333334,231.8031513785884,32,11,3,0.36,0.7237048436791146,0.002734900001087226,1.21000011858996e-05,0.0005844000006618444,0.004052199998113792
synthetic-n50-seed404,50,404,B2,1,True,1664.0,24.6,129.69252123385826,25,11,3,0.5,0.6152717645320914,0.0021740000011050142,0.02038919999904465,0.0005678000015905127,0.023859100001573097
synthetic-n50-seed404,50,404,B3,1,True,1664.0,23.766666666666666,135.48590557792346,26,11,3,0.48,0.6064446773464119,0.0021355999997467734,0.02769780000016908,0.0006246000011742581,0.031173499999567866
synthetic-n50-seed404,50,404,B3,2,True,1664.0,23.380000000000003,128.74563164500617,24,11,3,0.52,0.6000289275269606,0.0021446999999170657,0.029739599998720223,0.0007044000012683682,0.033242400000744965
synthetic-n50-seed404,50,404,B3,3,True,1664.0,23.58,129.6189649783395,24,11,3,0.52,0.6027044524613437,0.002639199999975972,0.030852500000037253,0.0011038000011467375,0.03527590000157943
synthetic-n50-seed404,50,404,B3,4,True,1664.0,23.866666666666667,131.24590557792348,26,11,3,0.48,0.6066316852204277,0.002844599999662023,0.031437800000276184,0.0006643000015174039,0.03565379999781726
synthetic-n50-seed404,50,404,B3,5,True,1664.0,23.866666666666667,129.20590557792346,26,11,3,0.48,0.6061297167164907,0.00798690000010538,0.03684090000024298,0.0008094000004348345,0.04634019999866723
synthetic-n50-seed404,50,404,B3,6,True,1664.0,23.36,128.64738343853963,24,11,3,0.52,0.5997586892871803,0.0024200000007112976,0.030660100001114188,0.0006936999998288229,0.034430000003339956
synthetic-n50-seed404,50,404,B3,7,True,1664.0,23.893333333333334,135.35257224459014,26,11,3,0.48,0.607970267897593,0.0032687000020814594,0.0353824000012537,0.0009088000006158836,0.040565999999671476
synthetic-n50-seed404,50,404,B3,8,True,1664.0,23.866666666666667,131.24590557792348,26,11,3,0.48,0.6066316852204277,0.0021343000007618684,0.028468699998484226,0.0006349000032059848,0.032085800001368625
synthetic-n50-seed404,50,404,B3,9,True,1664.0,23.36,128.64738343853963,24,11,3,0.52,0.5997586892871803,0.0020894999979645945,0.029384099998424063,0.0006613000005017966,0.032816799997817725
synthetic-n50-seed404,50,404,B3,10,True,1664.0,23.36,128.64738343853963,24,11,3,0.52,0.5997586892871803,0.00339209999947343,0.029059000000415836,0.0006164999977045227,0.03371070000139298
synthetic-n50-seed404,50,404,LNS,1,True,1512.0,23.08,130.44779524665458,20,11,3,0.6,0.5711157964729546,0.002212799998233095,1.0000966000006883,0.0006233000021893531,1.0036013999997522
synthetic-n50-seed404,50,404,LNS,2,True,1568.0,22.666666666666668,135.0489929393114,23,11,3,0.54,0.5766093727645226,0.003101900001638569,1.0001085000003513,0.0006060000014258549,1.0044874000013806
synthetic-n50-seed404,50,404,LNS,3,True,1568.0,22.7,145.67288612359386,23,11,3,0.54,0.5796336246963506,0.0029981000006955583,1.0000871000011102,0.0006463999998231884,1.0043971000013698
synthetic-n50-seed404,50,404,LNS,4,True,1568.0,22.79333333333333,152.80111781396675,30,11,3,0.4,0.5825359126779056,0.002757500002189772,1.0002964999985124,0.0006659999999101274,1.0047661999997217
synthetic-n50-seed404,50,404,LNS,5,True,1504.0,22.220000000000006,133.4927746445513,22,11,3,0.56,0.5599348168878288,0.006870299999718554,1.0000986999984889,0.0005810000002384186,1.008438799999567
synthetic-n50-seed404,50,404,LNS,6,True,1584.0,23.12,142.1997488084898,26,11,3,0.48,0.5866453923018117,0.0034054999996442348,1.0000772000021243,0.0009895999974105507,1.0058086999997613
synthetic-n50-seed404,50,404,LNS,7,True,1600.0,22.69333333333333,133.63440134449021,23,11,3,0.54,0.5819874887748344,0.0031049999997776467,1.0003391999998712,0.0021605000001727603,1.0078396999997494
synthetic-n50-seed404,50,404,LNS,8,True,1656.0,23.219999999999995,133.51631138736582,23,11,3,0.54,0.5978847836565153,0.004791600000316976,1.0004434999973455,0.0014983000000938773,1.0079894000009517
synthetic-n50-seed404,50,404,LNS,9,True,1544.0,23.193333333333335,158.49867494698438,28,11,3,0.43999999999999995,0.5848105474804329,0.012434899999789195,1.0001504000028945,0.0014191000009304844,1.015106000002561
synthetic-n50-seed404,50,404,LNS,10,True,1624.0,23.14,130.74898756662597,24,11,3,0.52,0.5908214850472301,0.011094899997260654,1.0001453999975638,0.0023561000016343314,1.015497399999731
synthetic-n50-seed404,50,404,ALNS,1,True,1648.0,22.64666666666667,148.07730070117807,22,12,3,0.56,0.5930643708157911,0.007780500000080792,1.0014693000011903,0.004663800002163043,1.0181325000012293
synthetic-n50-seed404,50,404,ALNS,2,True,1592.0,23.606666666666662,137.12590529277983,26,11,3,0.48,0.5927339676584731,0.011728899997251574,1.0002181000018027,0.0013501999965228606,1.0147994999970251
synthetic-n50-seed404,50,404,ALNS,3,True,1528.0,22.986666666666668,159.2079335220972,28,11,3,0.43999999999999995,0.5797433635183469,0.006133099999715341,1.000461699997686,0.002993999998579966,1.0119878999976208
synthetic-n50-seed404,50,404,ALNS,4,True,1648.0,22.87333333333333,140.7390545190327,26,12,3,0.48,0.5940474139140164,0.004659399997763103,1.0005786000001535,0.0018411999990348704,1.0086843999997654
synthetic-n50-seed404,50,404,ALNS,5,True,1448.0,22.893333333333334,140.09894753976496,22,11,3,0.56,0.5603977786346146,0.0076187000013305806,1.0002024000023084,0.0014807999978074804,1.0109118000000308
synthetic-n50-seed404,50,404,ALNS,6,True,1584.0,23.12,142.1997488084898,26,11,3,0.48,0.5866453923018117,0.006031400000210851,1.0010753999995359,0.007404000003589317,1.0235028999995848
synthetic-n50-seed404,50,404,ALNS,7,True,1584.0,23.986666666666665,140.21527918478213,24,11,3,0.52,0.5968198174272117,0.02330160000201431,1.000222999999096,0.0011904000020876992,1.0261031000009098
synthetic-n50-seed404,50,404,ALNS,8,True,1640.0,24.3,130.3125212338583,25,11,3,0.5,0.6076847957093684,0.006507800000690622,1.0008797000009508,0.008724399998754961,1.0228201999998419
synthetic-n50-seed404,50,404,ALNS,9,True,1544.0,23.193333333333335,158.49867494698438,28,11,3,0.43999999999999995,0.5848105474804329,0.030259300001489464,1.0002867999974114,0.001384800001687836,1.0332008000004862
synthetic-n50-seed404,50,404,ALNS,10,True,1624.0,23.14,130.74898756662597,24,11,3,0.52,0.5908214850472301,0.0057307000024593435,1.000116799998068,0.001022799999191193,1.0083311000016693
synthetic-n50-seed404,50,404,VNS,1,True,1560.0,22.740000000000002,129.2768272201367,25,11,3,0.5,0.5747417597024269,0.006218899998202687,0.24742739999783225,0.002660099999047816,0.25911139999880106
synthetic-n50-seed404,50,404,VNS,2,True,1616.0,23.446666666666665,131.17968145321103,26,11,3,0.48,0.5933509010876015,0.011302399998385226,0.26414130000193836,0.001616400000784779,0.2785187000008591
synthetic-n50-seed404,50,404,VNS,3,True,1616.0,23.046666666666667,131.06083790671985,24,11,3,0.52,0.5884003982464373,0.006835500000306638,0.26925049999772455,0.002391800000623334,0.2811918000006699
synthetic-n50-seed404,50,404,VNS,4,True,1552.0,22.620000000000005,139.90945335654715,25,11,3,0.5,0.574532149885636,0.009061300002940698,0.3333054999966407,0.0017019000006257556,0.3468983000020671
synthetic-n50-seed404,50,404,VNS,5,True,1624.0,23.533333333333335,142.5814806520725,23,11,3,0.54,0.5985722625452894,0.006951799998205388,0.23242480000044452,0.0023579000007885043,0.24349509999956354
synthetic-n50-seed404,50,404,VNS,6,True,1616.0,23.439999999999998,139.53025625726178,25,11,3,0.5,0.5953236475124828,0.01018629999816767,0.23383640000247397,0.0012797999988833908,0.24662570000145934
synthetic-n50-seed404,50,404,VNS,7,True,1608.0,22.546666666666667,137.30024054756151,24,12,3,0.52,0.5824345818608548,0.005526500000996748,0.23764509999818983,0.001076900000043679,0.24541400000089197
synthetic-n50-seed404,50,404,VNS,8,True,1624.0,22.806666666666665,143.8118415023499,26,11,3,0.48,0.5899347201035926,0.005271099998935824,0.2675229999986186,0.0015312000032281503,0.27593829999750596
synthetic-n50-seed404,50,404,VNS,9,True,1592.0,23.099999999999998,136.44854832981,22,11,3,0.56,0.5863336993769025,0.00622760000260314,0.3031568000005791,0.0012368999996397179,0.31223420000242186
synthetic-n50-seed404,50,404,VNS,10,True,1608.0,23.62,133.34253863891195,23,11,3,0.54,0.5946661184646976,0.00531339999724878,0.2367508999996062,0.0018304999975953251,0.2457747999978892
synthetic-n50-seed405,50,405,B0,1,True,1536.0,19.86,157.53234654078702,28,9,3,0.43999999999999995,0.7195476154886831,0.007857499997044215,1.880000127130188e-05,0.0013992999993206467,0.010330999997677281
synthetic-n50-seed405,50,405,B2,1,True,1256.0,18.64,61.79240136737563,18,9,3,0.64,0.6061687735372191,0.005169100000784965,0.05655109999861452,0.0019470000006549526,0.06542099999933271
synthetic-n50-seed405,50,405,B3,1,True,1256.0,17.693333333333335,66.27978293293816,22,9,3,0.56,0.5917861109767052,0.005140299999766285,0.07938939999803551,0.0018383999995421618,0.0888094000001729
synthetic-n50-seed405,50,405,B3,2,True,1256.0,17.693333333333335,64.89286146892246,20,9,3,0.6,0.5913205448592108,0.009403399999428075,0.08489749999716878,0.0011479999993753154,0.09682270000121207
synthetic-n50-seed405,50,405,B3,3,True,1256.0,17.533333333333335,66.63311626627149,22,9,3,0.56,0.5892192540896066,0.0050791000030585565,0.0728982000000542,0.0011814999998023268,0.08054850000189617
synthetic-n50-seed405,50,405,B3,4,True,1256.0,17.533333333333335,66.63311626627149,22,9,3,0.56,0.5892192540896066,0.005049799998232629,0.062229600000137,0.0014392000011866912,0.06996710000021267
synthetic-n50-seed405,50,405,B3,5,True,1256.0,17.533333333333335,65.03787637581553,22,9,3,0.56,0.5886837589937839,0.023306300001422642,0.15062419999958365,0.0010321999980078544,0.17633240000213846
synthetic-n50-seed405,50,405,B3,6,True,1256.0,17.62,68.65524563077079,22,9,3,0.56,0.5913526756061667,0.004364299998997012,0.05721429999903194,0.0018583999990369193,0.06485199999951874
synthetic-n50-seed405,50,405,B3,7,True,1256.0,17.533333333333335,65.03787637581553,22,9,3,0.56,0.5886837589937839,0.0059236000015516765,0.06471319999764091,0.004927099998894846,0.07793060000039986
synthetic-n50-seed405,50,405,B3,8,True,1256.0,17.533333333333335,70.05203463900449,22,9,3,0.56,0.5903669272593727,0.0072335999975621235,0.06060820000129752,0.0013675000009243377,0.07140509999953792
synthetic-n50-seed405,50,405,B3,9,True,1256.0,17.533333333333335,73.25389140987741,26,9,3,0.48,0.5914417365144492,0.006845799998700386,0.0676500000008673,0.0011451999998826068,0.07896830000026966
synthetic-n50-seed405,50,405,B3,10,True,1256.0,17.533333333333335,65.03787637581553,22,9,3,0.56,0.5886837589937839,0.006215800000063609,0.06626259999757167,0.0013585000015154947,0.07547880000129226
synthetic-n50-seed405,50,405,LNS,1,True,1184.0,16.78666666666667,82.8760683816332,23,9,3,0.54,0.5665145692228823,0.005269900000712369,1.0001145000023826,0.0005517000026884489,1.0066174999992654
synthetic-n50-seed405,50,405,LNS,2,True,1104.0,17.2,90.63620517051044,25,9,3,0.5,0.558695856049181,0.0053776999993715435,1.0000754000029701,0.0005290999979479238,1.0066504000023997
synthetic-n50-seed405,50,405,LNS,3,True,1184.0,17.053333333333335,79.74604755156264,20,9,3,0.6,0.5699396489487175,0.002205400000093505,1.0000760000002629,0.0006476000016846228,1.0036044999978913
synthetic-n50-seed405,50,405,LNS,4,True,1200.0,16.893333333333334,75.89004845989561,20,9,3,0.6,0.5694320124627601,0.0021842000023752917,1.0000867000017024,0.0006242999988899101,1.003630000002886
synthetic-n50-seed405,50,405,LNS,5,True,1144.0,17.04,67.94916663195869,22,9,3,0.56,0.5570752909137155,0.0025951000025088433,1.0000710000022082,0.0005128000011609402,1.0037905999997747
synthetic-n50-seed405,50,405,LNS,6,True,1200.0,17.04,78.9822729482369,19,9,3,0.62,0.5729316961894048,0.0021125999992364086,1.0001053999985743,0.0005775999998149928,1.0034422999997332
synthetic-n50-seed405,50,405,LNS,7,True,1152.0,16.89333333333333,69.96120218773595,24,9,3,0.52,0.5570251322102727,0.002571099998021964,1.0000725999998394,0.000529200002347352,1.0038057999990997
synthetic-n50-seed405,50,405,LNS,8,True,1088.0,17.026666666666664,71.60419479411088,25,9,3,0.5,0.5459256556319046,0.0022533000010298565,1.0001044000018737,0.000562299999728566,1.0036290999996709
synthetic-n50-seed405,50,405,LNS,9,True,1208.0,17.086666666666666,61.3032205365989,20,9,3,0.6,0.5695165085162578,0.0030050000023038592,1.0000884000000951,0.0005208999973547179,1.0042739000018628
synthetic-n50-seed405,50,405,LNS,10,True,1184.0,16.866666666666667,61.73873440759617,22,9,3,0.56,0.5607618555692949,0.0022133000020403415,1.0000777000022936,0.0005133999984536786,1.0034097999996447
synthetic-n50-seed405,50,405,ALNS,1,True,1184.0,16.78666666666667,82.8760683816332,23,9,3,0.54,0.5665145692228823,0.002378799999860348,1.000079099998402,0.0005180999978620093,1.0036017000020365
synthetic-n50-seed405,50,405,ALNS,2,True,1096.0,17.366666666666667,77.87706043899533,24,9,3,0.52,0.5554740747809093,0.002244100000098115,1.000086600000941,0.0005244999993010424,1.0036880999978166
synthetic-n50-seed405,50,405,ALNS,3,True,1200.0,16.85333333333333,58.174415875537235,21,9,3,0.5800000000000001,0.5628138074999005,0.002158600000257138,1.0001263999984076,0.0005141000001458451,1.0034267000010004
synthetic-n50-seed405,50,405,ALNS,4,True,1200.0,16.893333333333334,75.89004845989561,20,9,3,0.6,0.5694320124627601,0.005183999997825595,1.000128899999254,0.0006023999994795304,1.0065727999972296
synthetic-n50-seed405,50,405,ALNS,5,True,1144.0,17.04,67.94916663195869,22,9,3,0.56,0.5570752909137155,0.0024444000009680167,1.0001204999971378,0.000952599999436643,1.0043657999995048
synthetic-n50-seed405,50,405,ALNS,6,True,1208.0,17.4,67.33239074309014,19,9,3,0.62,0.5767994346233938,0.004287299998395611,1.0000889999973879,0.0005937999994785059,1.00559069999872
synthetic-n50-seed405,50,405,ALNS,7,True,1208.0,16.86,69.30697713825516,21,9,3,0.5800000000000001,0.5683988258268731,0.0023002000016276725,1.0000803000002634,0.0005216999998083338,1.0035200000020268
synthetic-n50-seed405,50,405,ALNS,8,True,1080.0,16.813333333333333,57.725029884366194,21,9,3,0.5800000000000001,0.5359499233135391,0.0022081999995862134,1.0000808000004326,0.000517000000400003,1.0034062999984599
synthetic-n50-seed405,50,405,ALNS,9,True,1208.0,17.086666666666666,61.3032205365989,20,9,3,0.6,0.5695165085162578,0.0022232999981497414,1.0000828000011097,0.0005227000001468696,1.0034582000007504
synthetic-n50-seed405,50,405,ALNS,10,True,1184.0,16.873333333333335,60.01605594072291,18,9,3,0.64,0.5602954758668646,0.002145800001017051,1.0000720000025467,0.0005181000014999881,1.003341300001921
synthetic-n50-seed405,50,405,VNS,1,True,1208.0,17.0,74.22510444467052,23,9,3,0.54,0.5723995399277175,0.0023294000020541716,0.07821850000254926,0.0005290999979479238,0.0818855000034091
synthetic-n50-seed405,50,405,VNS,2,True,1216.0,17.166666666666664,68.89829097098486,20,9,3,0.6,0.5751448889910433,0.002183800002967473,0.09109150000222144,0.0005444999987957999,0.09446140000000014
synthetic-n50-seed405,50,405,VNS,3,True,1192.0,17.513333333333332,71.79670235902297,20,9,3,0.6,0.5767280107504832,0.0028251000003365334,0.07654499999989639,0.0005627000027743634,0.08056310000029043
synthetic-n50-seed405,50,405,VNS,4,True,1224.0,17.006666666666668,80.62158829712328,25,9,3,0.5,0.5781308481471825,0.00225759999739239,0.07479460000104154,0.0005176000013307203,0.07850619999953778
synthetic-n50-seed405,50,405,VNS,5,True,1240.0,17.14,61.83295680552524,20,9,3,0.6,0.5775339314553626,0.00382769999851007,0.07710059999953955,0.0005149999997229315,0.08211400000072899
synthetic-n50-seed405,50,405,VNS,6,True,1256.0,17.506666666666668,75.2045605946412,21,9,3,0.5800000000000001,0.5916489657361446,0.002524999999877764,0.09959890000027372,0.001692200003162725,0.1057518000015989
synthetic-n50-seed405,50,405,VNS,7,True,1192.0,17.439999999999998,67.87721037631776,21,9,3,0.5800000000000001,0.5741814653831211,0.004394300001877127,0.08845660000224598,0.0007243000000016764,0.09445770000093034
synthetic-n50-seed405,50,405,VNS,8,True,1256.0,17.286666666666665,76.16407665098393,19,9,3,0.62,0.5882785448084313,0.002747400001680944,0.09728469999754452,0.0005326999998942483,0.10125289999996312
synthetic-n50-seed405,50,405,VNS,9,True,1168.0,17.740000000000002,77.65908984993015,26,9,3,0.48,0.5772919905504968,0.001964300001418451,0.0723883000027854,0.0005387000019254629,0.07557200000155717
synthetic-n50-seed405,50,405,VNS,10,True,1224.0,17.293333333333333,61.60435278947273,20,9,3,0.6,0.5765585412742998,0.0026813999975274783,0.10542229999919073,0.0005388999998103827,0.10932909999974072
synthetic-n100-seed401,100,401,B0,1,True,3752.0,47.56,848.0496986745005,60,21,3,0.4,0.7261038476783361,0.0026686000019253697,1.0600000678095967e-05,0.000988399999187095,0.004763600001751911
synthetic-n100-seed401,100,401,B2,1,True,2552.0,40.88666666666667,369.7086379107458,43,19,3,0.5700000000000001,0.5391972639874648,0.0028480999972089194,0.06738949999999022,0.0008902000008674804,0.07205319999775384
synthetic-n100-seed401,100,401,B3,1,True,2552.0,37.49333333333333,404.46151433014006,49,19,3,0.51,0.5178501615965243,0.0031030999998620246,0.08309050000025309,0.0009222999979101587,0.08808349999890197
synthetic-n100-seed401,100,401,B3,2,True,2552.0,37.54666666666667,398.1008357992175,45,19,3,0.55,0.5177781581484173,0.0030307000015454832,0.0798203000013018,0.0009221000000252388,0.08474370000112685
synthetic-n100-seed401,100,401,B3,3,True,2552.0,39.43333333333334,369.82788705074086,41,19,3,0.5900000000000001,0.529019657862336,0.004480100000364473,0.10099149999950896,0.0009789999967324547,0.1074415000002773
synthetic-n100-seed401,100,401,B3,4,True,2552.0,38.02,416.0035525836681,46,19,3,0.54,0.5223503511760165,0.002942400002211798,0.08284600000115461,0.0011024000014003832,0.08783960000073421
synthetic-n100-seed401,100,401,B3,5,True,2552.0,37.473333333333336,408.91302927426284,49,19,3,0.51,0.5180219806982991,0.0045886000007158145,0.08591549999982817,0.0017240999986825045,0.09363250000023982
synthetic-n100-seed401,100,401,B3,6,True,2552.0,37.46,377.8754845829624,44,19,3,0.56,0.5157532059558941,0.003089999998337589,0.07881189999898197,0.001161700001830468,0.08406289999766159
synthetic-n100-seed401,100,401,B3,7,True,2552.0,38.24666666666667,366.14893161576464,44,19,3,0.56,0.5204448315305695,0.004981400001270231,0.11134099999981117,0.0008932999990065582,0.11811980000129552
synthetic-n100-seed401,100,401,B3,8,True,2552.0,37.733333333333334,390.76465678061663,44,19,3,0.56,0.5185722769911469,0.0031389000032504555,0.08878239999830839,0.0009030000001075678,0.0937794000019494
synthetic-n100-seed401,100,401,B3,9,True,2552.0,37.733333333333334,382.16211068357336,43,19,3,0.5700000000000001,0.5179693511362939,0.0032187000033445656,0.10648460000084015,0.0010433999996166676,0.1117623000027379
synthetic-n100-seed401,100,401,B3,10,True,2552.0,37.846666666666664,381.2511682434021,42,19,3,0.5800000000000001,0.5186998242855203,0.002947699998912867,0.08764609999707318,0.0009181000023090746,0.09238410000034492
synthetic-n100-seed401,100,401,LNS,1,True,2544.0,40.75333333333334,383.4103692100981,44,19,3,0.56,0.5385123518077146,0.003169700001308229,1.000120299999253,0.0009462999987590592,1.0051862000000256
synthetic-n100-seed401,100,401,LNS,2,True,2512.0,38.233333333333334,409.5270540068026,44,19,3,0.56,0.519837960513204,0.0032705999983591028,1.0001974000006157,0.0009165000010398217,1.006593599999178
synthetic-n100-seed401,100,401,LNS,3,True,2544.0,39.58,407.6793201605871,45,19,3,0.55,0.5319897570233829,0.006263600000238512,1.0001725000001898,0.0010605999996187165,1.0088285999991058
synthetic-n100-seed401,100,401,LNS,4,True,2568.0,39.84666666666667,391.78321606589697,41,20,3,0.5900000000000001,0.534876828610996,0.004166999999142718,1.0001758999969752,0.0009335000031569507,1.0061658000013267
synthetic-n100-seed401,100,401,LNS,5,True,2600.0,38.260000000000005,415.428686536492,45,20,3,0.55,0.5282565387028594,0.003018899999005953,1.0001109000004362,0.0009756999970704783,1.0051983000012115
synthetic-n100-seed401,100,401,LNS,6,True,2696.0,38.699999999999996,395.56874015548584,43,21,3,0.5700000000000001,0.5384772250624987,0.0031761999998707324,1.0052920999987691,0.0010030999983428046,1.0105031000020972
synthetic-n100-seed401,100,401,LNS,7,True,2552.0,40.88666666666667,369.7086379107458,43,19,3,0.5700000000000001,0.5391972639874648,0.003257700001995545,1.0001444999979867,0.0009170999983325601,1.0052074000013818
synthetic-n100-seed401,100,401,LNS,8,True,2632.0,38.63333333333334,395.7982861961411,44,20,3,0.56,0.5323402107507823,0.0034589999995660037,1.0001304000033997,0.0009283999970648438,1.0054219999983616
synthetic-n100-seed401,100,401,LNS,9,True,2560.0,38.766666666666666,424.48066546567003,47,20,3,0.53,0.5288883736385455,0.0031029999991005752,1.0001435000012862,0.0008956999990914483,1.0050386999973853
synthetic-n100-seed401,100,401,LNS,10,True,2552.0,40.88666666666667,369.7086379107458,43,19,3,0.5700000000000001,0.5391972639874648,0.0030224999973142985,1.000145899997733,0.0009451999976590741,1.0051036999975622
synthetic-n100-seed401,100,401,ALNS,1,True,2544.0,40.75333333333334,383.4103692100981,44,19,3,0.56,0.5385123518077146,0.003404999999474967,1.0001129999982368,0.0008940000006987248,1.0053138000002946
synthetic-n100-seed401,100,401,ALNS,2,True,2512.0,38.233333333333334,409.5270540068026,44,19,3,0.56,0.519837960513204,0.0030431999985012226,1.0001279999996768,0.0010832000007212628,1.0052577999995265
synthetic-n100-seed401,100,401,ALNS,3,True,2544.0,39.58,407.6793201605871,45,19,3,0.55,0.5319897570233829,0.0032326000000466593,1.0001684999988356,0.0009527000001980923,1.0058320999996795
synthetic-n100-seed401,100,401,ALNS,4,True,2568.0,39.84666666666667,391.78321606589697,41,20,3,0.5900000000000001,0.534876828610996,0.003181899999617599,1.000131999997393,0.0009174000006169081,1.0051769999990938
synthetic-n100-seed401,100,401,ALNS,5,True,2600.0,38.260000000000005,415.428686536492,45,20,3,0.55,0.5282565387028594,0.00294690000009723,1.0001312000022153,0.000982800000201678,1.005011099998228
synthetic-n100-seed401,100,401,ALNS,6,True,2696.0,38.699999999999996,395.56874015548584,43,21,3,0.5700000000000001,0.5384772250624987,0.0032052000024123117,1.0005468999988807,0.002197999998315936,1.0079942000011215
synthetic-n100-seed401,100,401,ALNS,7,True,2552.0,40.88666666666667,369.7086379107458,43,19,3,0.5700000000000001,0.5391972639874648,0.006428299999242881,1.0002089999979944,0.0009193000005325302,1.0084588999998232
synthetic-n100-seed401,100,401,ALNS,8,True,2632.0,38.63333333333334,395.7982861961411,44,20,3,0.56,0.5323402107507823,0.0028439000016078353,1.000142799999594,0.0011349000014888588,1.0050240000018675
synthetic-n100-seed401,100,401,ALNS,9,True,2560.0,38.766666666666666,424.48066546567003,47,20,3,0.53,0.5288883736385455,0.002827399999659974,1.0001634000000195,0.0009783999994397163,1.0057309000003443
synthetic-n100-seed401,100,401,ALNS,10,True,2552.0,40.88666666666667,369.7086379107458,43,19,3,0.5700000000000001,0.5391972639874648,0.0031013000007078517,1.000131799999508,0.0009280999984184746,1.005490000003192
synthetic-n100-seed401,100,401,VNS,1,True,2512.0,37.906666666666666,398.7991956127629,42,20,3,0.5800000000000001,0.516796572437741,0.002852499997970881,0.17186120000042138,0.0009433000013814308,0.17659049999929266
synthetic-n100-seed401,100,401,VNS,2,True,2552.0,37.833333333333336,403.43307867381725,46,19,3,0.54,0.5201610365855681,0.0032224000024143606,0.15317739999954938,0.001000299998850096,0.15846180000153254
synthetic-n100-seed401,100,401,VNS,3,True,2544.0,37.78,407.2310260365764,47,19,3,0.53,0.5193426940766482,0.004127200001676101,0.16801150000173948,0.0009855999996943865,0.1741278000008606
synthetic-n100-seed401,100,401,VNS,4,True,2552.0,37.38000000000001,409.73256009256767,42,19,3,0.5800000000000001,0.5174252746066936,0.0030667999999423046,0.15669229999912204,0.0008839000001898967,0.16155070000240812
synthetic-n100-seed401,100,401,VNS,5,True,2528.0,37.44,397.7288683723265,48,19,3,0.52,0.5148722982567967,0.0028067999992344994,0.1461403000030259,0.0009090000021387823,0.15079779999723542
synthetic-n100-seed401,100,401,VNS,6,True,2560.0,37.739999999999995,385.9671344842177,43,19,3,0.5700000000000001,0.5189934901476484,0.0028552999974635895,0.1656500999997661,0.0009226000001945067,0.1706529999974009
synthetic-n100-seed401,100,401,VNS,7,True,2616.0,38.15333333333333,410.22126893190074,46,20,3,0.54,0.5285654373307072,0.0028386000012687873,0.1489322000015818,0.0009850999995251186,0.15373929999987013
synthetic-n100-seed401,100,401,VNS,8,True,2536.0,37.486666666666665,400.1228059390645,47,19,3,0.53,0.5160778862284886,0.0028406999990693294,0.1809863000016776,0.0009403000003658235,0.18568329999834532
synthetic-n100-seed401,100,401,VNS,9,True,2536.0,37.833333333333336,404.5016296997922,48,19,3,0.52,0.5188144639147372,0.003065900000365218,0.15100730000267504,0.0009936000024026725,0.15604929999972228
synthetic-n100-seed401,100,401,VNS,10,True,2504.0,37.42666666666666,404.07317544624186,45,19,3,0.55,0.513091305749122,0.002770700000837678,0.15101230000072974,0.0009024000028148293,0.15560720000212314
synthetic-n100-seed402,100,402,B0,1,True,4168.0,52.04666666666666,879.4905207734664,62,22,3,0.38,0.7229937142376585,0.0026252999996358994,1.089999932446517e-05,0.0009891000008792616,0.004584700000123121
synthetic-n100-seed402,100,402,B2,1,True,2880.0,42.626666666666665,393.5451996325255,41,20,3,0.5900000000000001,0.528533793106816,0.0030256999998528045,0.07498090000080992,0.0009365999976580497,0.0798705000015616
synthetic-n100-seed402,100,402,B3,1,True,2880.0,41.48666666666667,392.6393428641826,42,20,3,0.5800000000000001,0.5211746374280443,0.002924299998994684,0.08530819999941741,0.0010344000002078246,0.0902064000001701
synthetic-n100-seed402,100,402,B3,2,True,2880.0,41.40666666666667,381.26498032733167,41,20,3,0.5900000000000001,0.5199338046794308,0.0028352000008453615,0.08429530000285013,0.0011786999966716394,0.08980040000096778
synthetic-n100-seed402,100,402,B3,3,True,2880.0,41.57333333333334,382.17914579611494,41,20,3,0.5900000000000001,0.5210597706161191,0.003808799996477319,0.09341800000038347,0.0009351000007882249,0.0992776999992202
synthetic-n100-seed402,100,402,B3,4,True,2880.0,40.68000000000001,403.34812256917763,42,20,3,0.5800000000000001,0.5166941784193553,0.002888300001359312,0.08627069999783998,0.0010646000009728596,0.09116630000062287
synthetic-n100-seed402,100,402,B3,5,True,2880.0,41.54666666666667,395.64811290980657,42,20,3,0.5800000000000001,0.5217516048960616,0.0031911000005493406,0.0866810000006808,0.0020688000004156493,0.09315670000069076
synthetic-n100-seed402,100,402,B3,6,True,2880.0,41.013333333333335,420.0525701863132,44,20,3,0.56,0.5198988524907314,0.004080800001247553,0.09456250000221189,0.0017466000026615802,0.10200540000005276
synthetic-n100-seed402,100,402,B3,7,True,2880.0,40.94,392.65832764478574,42,20,3,0.5800000000000001,0.517674721846767,0.003615700003138045,0.10267739999835612,0.000981199998932425,0.10826390000147512
synthetic-n100-seed402,100,402,B3,8,True,2880.0,41.44,415.62180913433014,39,20,3,0.61,0.5223476744207098,0.003009200001542922,0.08731229999830248,0.000928000001295004,0.09218880000116769
synthetic-n100-seed402,100,402,B3,9,True,2880.0,41.233333333333334,385.70609471646463,42,20,3,0.5800000000000001,0.5191081213859634,0.0029316000000108033,0.09215849999964121,0.0009571000009600539,0.09697489999962272
synthetic-n100-seed402,100,402,B3,10,True,2880.0,41.766666666666666,378.9767092098118,42,20,3,0.5800000000000001,0.522092875313636,0.0035540999997465406,0.08572300000014366,0.00091469999824767,0.0910939999994298
synthetic-n100-seed402,100,402,LNS,1,True,2824.0,41.60666666666667,386.3585329658588,41,20,3,0.5900000000000001,0.5170623566013127,0.0028683000018645544,1.000138399998832,0.0009137999986705836,1.0048309000012523
synthetic-n100-seed402,100,402,LNS,2,True,2880.0,41.72666666666666,415.4995501177124,41,20,3,0.5900000000000001,0.524175803513194,0.0029509999985748436,1.0001159999992524,0.0009379000002809335,1.0054617999994662
synthetic-n100-seed402,100,402,LNS,3,True,2776.0,40.53333333333334,493.49301013469466,48,20,3,0.52,0.5132108492477193,0.003054200002225116,1.0001290000000154,0.0013576999990618788,1.00580820000323
synthetic-n100-seed402,100,402,LNS,4,True,2832.0,41.72666666666667,418.47550380420586,42,20,3,0.5800000000000001,0.5205276271350708,0.005639599999994971,1.0001465999994252,0.0009550000031595118,1.0082984000000579
synthetic-n100-seed402,100,402,LNS,5,True,2832.0,41.66,397.45365848209326,42,20,3,0.5800000000000001,0.5187543139553104,0.0033723000015015714,1.000132199998916,0.0009180000015476253,1.0053369000015664
synthetic-n100-seed402,100,402,LNS,6,True,2856.0,40.96,402.54495936640933,43,21,3,0.5700000000000001,0.5165166164217874,0.0032076999996206723,1.0001298999995925,0.0009293999974033795,1.0051794999999402
synthetic-n100-seed402,100,402,LNS,7,True,2888.0,41.16,476.21479455324516,47,20,3,0.53,0.5250748902971455,0.0028248999988136347,1.0001220000012836,0.0009402999967278447,1.0052875000001222
synthetic-n100-seed402,100,402,LNS,8,True,2880.0,42.626666666666665,393.5451996325255,41,20,3,0.5900000000000001,0.528533793106816,0.002799999998387648,1.000183799998922,0.0017995999987761024,1.007195899997896
synthetic-n100-seed402,100,402,LNS,9,True,2856.0,42.10666666666667,398.1564456924231,42,20,3,0.5800000000000001,0.5235793904062039,0.006071200001315447,1.0001090000005206,0.001110799999878509,1.0090763999978662
synthetic-n100-seed402,100,402,LNS,10,True,2880.0,42.626666666666665,393.5451996325255,41,20,3,0.5900000000000001,0.528533793106816,0.0035090000019408762,1.0001133000005211,0.0009323000012955163,1.0055094000017561
synthetic-n100-seed402,100,402,ALNS,1,True,2824.0,41.60666666666667,386.3585329658588,41,20,3,0.5900000000000001,0.5170623566013127,0.0029596999993373174,1.0001096000014513,0.0009381999989273027,1.0049292999974568
synthetic-n100-seed402,100,402,ALNS,2,True,2880.0,41.72666666666666,415.4995501177124,41,20,3,0.5900000000000001,0.524175803513194,0.003205699998943601,1.0001173999989987,0.001031299998430768,1.0053102999991097
synthetic-n100-seed402,100,402,ALNS,3,True,2776.0,40.53333333333334,493.49301013469466,48,20,3,0.52,0.5132108492477193,0.0037082999988342635,1.0003313999986858,0.0009708999969006982,1.0059471999993548
synthetic-n100-seed402,100,402,ALNS,4,True,2832.0,41.72666666666667,418.47550380420586,42,20,3,0.5800000000000001,0.5205276271350708,0.003091800001129741,1.000124300000607,0.0009175000013783574,1.0065455000003567
synthetic-n100-seed402,100,402,ALNS,5,True,2832.0,41.66,397.45365848209326,42,20,3,0.5800000000000001,0.5187543139553104,0.003980600002250867,1.0001518999997643,0.00094600000011269,1.0059853000020667
synthetic-n100-seed402,100,402,ALNS,6,True,2816.0,40.653333333333336,477.3756553109122,42,20,3,0.5800000000000001,0.5161461292243413,0.0030708000012964476,1.0001103000031435,0.0009609000007912982,1.0050732000017888
synthetic-n100-seed402,100,402,ALNS,7,True,2920.0,41.120000000000005,446.23387034927373,49,21,3,0.51,0.525457760087016,0.0032649999993736856,1.0001224000006914,0.0009625000020605512,1.0132221000021673
synthetic-n100-seed402,100,402,ALNS,8,True,2880.0,42.626666666666665,393.5451996325255,41,20,3,0.5900000000000001,0.528533793106816,0.003163899997161934,1.0001886999998533,0.0017127999999502208,1.006738399999449
synthetic-n100-seed402,100,402,ALNS,9,True,2856.0,42.10666666666667,398.1564456924231,42,20,3,0.5800000000000001,0.5235793904062039,0.002977600001031533,1.000131099997816,0.0009814000004553236,1.0050303000025451
synthetic-n100-seed402,100,402,ALNS,10,True,2880.0,42.626666666666665,393.5451996325255,41,20,3,0.5900000000000001,0.528533793106816,0.003350700000737561,1.000098500000604,0.0010022999995271675,1.0054787000008218
synthetic-n100-seed402,100,402,VNS,1,True,2856.0,40.84,388.65660260579637,41,20,3,0.5900000000000001,0.5148585943415637,0.0029264000004332047,0.18496909999885247,0.0015045000000100117,0.1903572000010172
synthetic-n100-seed402,100,402,VNS,2,True,2944.0,41.373333333333335,387.9020627795894,40,21,3,0.6,0.5252637557057493,0.0030244000008678995,0.16471649999948568,0.0010337000021536369,0.17005499999868334
synthetic-n100-seed402,100,402,VNS,3,True,2880.0,40.8,429.1319218313482,42,20,3,0.5800000000000001,0.5191140451583183,0.0027943999994022306,0.1582404000000679,0.0009810999981709756,0.16299159999834956
synthetic-n100-seed402,100,402,VNS,4,True,2888.0,41.0,388.4926912521172,42,20,3,0.5800000000000001,0.5184319990904639,0.003335400000651134,0.1693102999997791,0.001011699998343829,0.17462809999778983
synthetic-n100-seed402,100,402,VNS,5,True,2880.0,40.67333333333333,402.1267279438752,45,20,3,0.55,0.5165732573682491,0.002800899997964734,0.16486359999908018,0.000956900003075134,0.16955369999777758
synthetic-n100-seed402,100,402,VNS,6,True,2872.0,41.00666666666667,447.171156540765,44,21,3,0.56,0.5209531727425588,0.0027735000003303867,0.16653489999953308,0.0009728000004542992,0.17131050000170944
synthetic-n100-seed402,100,402,VNS,7,True,2808.0,41.333333333333336,368.0937552406116,39,20,3,0.61,0.5128624310466768,0.002942600000096718,0.18969099999958416,0.0009040000004461035,0.19450550000328803
synthetic-n100-seed402,100,402,VNS,8,True,2760.0,40.63333333333334,401.7436524867106,43,20,3,0.5700000000000001,0.5066956139332908,0.0029610999990836717,0.16777230000298005,0.0009854000018094666,0.1725927999978012
synthetic-n100-seed402,100,402,VNS,9,True,2880.0,41.239999999999995,401.340559926767,43,21,3,0.5700000000000001,0.520152128807314,0.003039600000192877,0.16238539999903878,0.000931399998080451,0.16730230000030133
synthetic-n100-seed402,100,402,VNS,10,True,2880.0,41.593333333333334,397.94998921854085,44,20,3,0.56,0.5221979058423536,0.003262000001996057,0.16447709999920335,0.0009528000009595416,0.16956090000167023
synthetic-n100-seed403,100,403,B0,1,True,3656.0,47.1,822.1872833156508,61,21,3,0.39,0.7248540186352194,0.0026428000019222964,1.1699998140102252e-05,0.000939900000958005,0.0045365000005404
synthetic-n100-seed403,100,403,B2,1,True,2680.0,40.586666666666666,399.9537136602223,47,20,3,0.53,0.5598900354491023,0.004250599999068072,0.06114929999966989,0.001043000000208849,0.06740300000092248
synthetic-n100-seed403,100,403,B3,1,True,2680.0,39.29333333333333,418.98652480568904,45,20,3,0.55,0.5520839121520134,0.005613200002699159,0.08514419999846723,0.0009573000024829526,0.09264600000096834
synthetic-n100-seed403,100,403,B3,2,True,2680.0,39.46000000000001,408.6685124260161,45,20,3,0.55,0.5525332153570378,0.003047800000786083,0.07311359999948763,0.0009024999999382999,0.07799420000083046
synthetic-n100-seed403,100,403,B3,3,True,2680.0,39.766666666666666,404.8427510970797,45,20,3,0.55,0.5544327840292055,0.003021100001205923,0.08116869999867049,0.003069300000788644,0.09065959999861661
synthetic-n100-seed403,100,403,B3,4,True,2680.0,39.44,436.1430503352913,45,20,3,0.55,0.5543360842819688,0.00775170000270009,0.08205939999970724,0.0009196999999403488,0.09165220000068075
synthetic-n100-seed403,100,403,B3,5,True,2680.0,39.19333333333333,435.4396035364956,48,20,3,0.52,0.5525406056219926,0.0031551000029139686,0.12026930000138236,0.0009716999993543141,0.12545030000183033
synthetic-n100-seed403,100,403,B3,6,True,2680.0,40.233333333333334,393.57861877199787,46,20,3,0.54,0.5569382712437551,0.0029418999984045513,0.07404760000281385,0.001013499997498002,0.07896269999764627
synthetic-n100-seed403,100,403,B3,7,True,2680.0,39.18,432.3547197081682,51,20,3,0.49,0.5522279221710612,0.0034384999999019783,0.07617029999892111,0.0009571000009600539,0.08460159999958705
synthetic-n100-seed403,100,403,B3,8,True,2680.0,39.18,414.44088485606625,49,20,3,0.51,0.5509601348496103,0.0030354999980772845,0.07695980000062264,0.0009046999985002913,0.0821284999983618
synthetic-n100-seed403,100,403,B3,9,True,2680.0,39.64,408.6102849084544,48,20,3,0.52,0.5538029798639336,0.0030852999989292584,0.07444300000133808,0.0009920000011334196,0.07947869999770774
synthetic-n100-seed403,100,403,B3,10,True,2680.0,39.239999999999995,414.3834179744514,43,20,3,0.5700000000000001,0.551380696287571,0.0027057999977841973,0.07637289999911445,0.0009002000006148592,0.08087629999863566
synthetic-n100-seed403,100,403,LNS,1,True,2680.0,40.586666666666666,399.9537136602223,47,20,3,0.53,0.5598900354491023,0.0031159999998635612,1.0001039000017045,0.0009637000002840068,1.005327099999704
synthetic-n100-seed403,100,403,LNS,2,True,2704.0,39.57333333333334,417.7215349973691,47,21,3,0.53,0.5561641702829976,0.003841199999442324,1.000115700000606,0.0011044999992009252,1.0060338999974192
synthetic-n100-seed403,100,403,LNS,3,True,2584.0,38.85333333333334,407.58529252637425,45,21,3,0.55,0.5394103536894648,0.0030138000001898035,1.0001565000020491,0.001235600000654813,1.0054906000004848
synthetic-n100-seed403,100,403,LNS,4,True,2576.0,39.52,443.0809347143212,44,20,3,0.56,0.5459111295650183,0.002822900001774542,1.0001253000009456,0.000985200000286568,1.0050722000014503
synthetic-n100-seed403,100,403,LNS,5,True,2576.0,39.19333333333333,451.6438340120943,49,20,3,0.51,0.5442052720017562,0.0028553000011015683,1.0001016999995045,0.001066299999365583,1.0049560999977984
synthetic-n100-seed403,100,403,LNS,6,True,2584.0,39.00666666666666,398.9996931501016,48,19,3,0.52,0.5398879003247838,0.003353899999638088,1.0001290000000154,0.0009012000009533949,1.0055474000000686
synthetic-n100-seed403,100,403,LNS,7,True,2688.0,40.22,425.0113887163233,47,20,3,0.53,0.5597978453657673,0.0027976000019407365,1.0001107999996748,0.0009559999998600688,1.0047553000003973
synthetic-n100-seed403,100,403,LNS,8,True,2584.0,38.80666666666667,492.06635979438926,51,20,3,0.49,0.5450589312267151,0.0041959000009228475,1.0001331999992544,0.000949399996898137,1.0066030000016326
synthetic-n100-seed403,100,403,LNS,9,True,2544.0,38.7,482.2515406643272,45,21,3,0.55,0.5399624546193593,0.0027694999989762437,1.0001143000008597,0.0008928999995987397,1.01076219999959
synthetic-n100-seed403,100,403,LNS,10,True,2608.0,40.006666666666675,450.3262744039491,46,20,3,0.54,0.5527856794085045,0.0030817000006209128,1.0001188999995065,0.0008825000004435424,1.0054091999991215
synthetic-n100-seed403,100,403,ALNS,1,True,2680.0,40.586666666666666,399.9537136602223,47,20,3,0.53,0.5598900354491023,0.002840099998138612,1.0000938000011956,0.000960600002144929,1.0048386999987997
synthetic-n100-seed403,100,403,ALNS,2,True,2704.0,39.57333333333334,417.7215349973691,47,21,3,0.53,0.5561641702829976,0.002560500000981847,1.0001060999966285,0.0009070999985851813,1.0044735000010405
synthetic-n100-seed403,100,403,ALNS,3,True,2584.0,38.85333333333334,407.58529252637425,45,21,3,0.55,0.5394103536894648,0.003101400001469301,1.0001082999988284,0.0009172999998554587,1.0050475000025472
synthetic-n100-seed403,100,403,ALNS,4,True,2576.0,39.52,443.0809347143212,44,20,3,0.56,0.5459111295650183,0.0033339000001433305,1.0001436000020476,0.0009385000012116507,1.0054799999998068
synthetic-n100-seed403,100,403,ALNS,5,True,2576.0,39.19333333333333,451.6438340120943,49,20,3,0.51,0.5442052720017562,0.0030616999974881765,1.0001845000006142,0.0008960000013757963,1.0050221999990754
synthetic-n100-seed403,100,403,ALNS,6,True,2584.0,39.00666666666666,398.9996931501016,48,19,3,0.52,0.5398879003247838,0.00284539999847766,1.0001226999993378,0.0009233999990101438,1.0048158999998122
synthetic-n100-seed403,100,403,ALNS,7,True,2688.0,40.22,425.0113887163233,47,20,3,0.53,0.5597978453657673,0.00294930000018212,1.0001515000003565,0.0009415000022272579,1.0051264000030642
synthetic-n100-seed403,100,403,ALNS,8,True,2584.0,38.80666666666667,492.06635979438926,51,20,3,0.49,0.5450589312267151,0.0036078999983146787,1.0001449000010325,0.0011565999993763398,1.0058324999990873
synthetic-n100-seed403,100,403,ALNS,9,True,2544.0,38.7,482.2515406643272,45,21,3,0.55,0.5399624546193593,0.002891500000259839,1.0002022000007855,0.0009420999995199963,1.0063810000028752
synthetic-n100-seed403,100,403,ALNS,10,True,2608.0,40.006666666666675,433.91723099782627,46,20,3,0.54,0.5516243882969601,0.0028822999993280973,1.0001178000020445,0.0009333999987575226,1.0049486999996589
synthetic-n100-seed403,100,403,VNS,1,True,2672.0,39.519999999999996,406.1054157366168,47,20,3,0.53,0.5520470552422153,0.004552400001557544,0.22846500000014203,0.0009700000009615906,0.23499810000066645
synthetic-n100-seed403,100,403,VNS,2,True,2648.0,39.14,423.1170477068508,47,20,3,0.53,0.5483734950703193,0.0031611000013072044,0.14358519999950659,0.0009714999978314154,0.14872210000248742
synthetic-n100-seed403,100,403,VNS,3,True,2648.0,38.95333333333333,442.6058183414551,45,20,3,0.55,0.5484316765259413,0.0036325000000942964,0.1697585000001709,0.0011044999992009252,0.1755931999978202
synthetic-n100-seed403,100,403,VNS,4,True,2640.0,38.739999999999995,438.4585232434122,52,20,3,0.48,0.5458989819637036,0.002868700001272373,0.17105549999905634,0.0008983999978227075,0.17583860000013374
synthetic-n100-seed403,100,403,VNS,5,True,2664.0,39.82,430.8813181261298,45,20,3,0.55,0.5551942283955396,0.002493199997843476,0.1647372000006726,0.0009448000018892344,0.16910469999857014
synthetic-n100-seed403,100,403,VNS,6,True,2680.0,39.46666666666667,431.18126788702506,44,20,3,0.56,0.5541736557057763,0.002732000000833068,0.14710670000204118,0.0009159000001091044,0.15166470000258414
synthetic-n100-seed403,100,403,VNS,7,True,2632.0,39.36666666666667,401.6577178986424,47,20,3,0.53,0.5470001507951866,0.003134700000373414,0.1506000999979733,0.0008908999989216682,0.15559409999696072
synthetic-n100-seed403,100,403,VNS,8,True,2680.0,39.61333333333333,400.27526531448086,47,20,3,0.53,0.5530243750330319,0.0033111000011558644,0.17174860000159242,0.0009580999976606108,0.17693510000026436
synthetic-n100-seed403,100,403,VNS,9,True,2680.0,39.620000000000005,434.14198603304146,46,20,3,0.54,0.555468351493416,0.00293729999975767,0.14730649999910383,0.0009055000009539071,0.15210149999984424
synthetic-n100-seed403,100,403,VNS,10,True,2640.0,40.11333333333333,423.68688245832146,46,20,3,0.54,0.5545728455552281,0.0028615000010177027,0.14574540000103298,0.0009372000022267457,0.15056249999906868
synthetic-n100-seed404,100,404,B0,1,True,3944.0,52.07333333333334,895.8179158812121,62,22,3,0.38,0.7240100232075201,0.002526299998862669,9.999999747378752e-06,0.0009792999990168028,0.004437999999936437
synthetic-n100-seed404,100,404,B2,1,True,2720.0,42.10666666666667,374.86020528549454,39,20,3,0.61,0.5234151350510979,0.0032363999998779036,0.06810540000151377,0.0009100999996007886,0.07336679999934859
synthetic-n100-seed404,100,404,B3,1,True,2720.0,41.053333333333335,368.76198209361877,41,20,3,0.5900000000000001,0.5162821458995676,0.0036294000019552186,0.08613710000281571,0.0009825999986787792,0.0918375000001106
synthetic-n100-seed404,100,404,B3,2,True,2720.0,40.19333333333333,418.0812044981473,40,20,3,0.6,0.5139341253135048,0.0027759000004152767,0.08349670000097831,0.0009909000000334345,0.08827280000332394
synthetic-n100-seed404,100,404,B3,3,True,2720.0,40.49333333333334,370.24753989971833,36,20,3,0.64,0.5127925515970518,0.00493089999872609,0.08116400000290014,0.0009228000017174054,0.08793800000057672
synthetic-n100-seed404,100,404,B3,4,True,2720.0,39.90666666666667,366.71700238033907,39,20,3,0.61,0.50881116610313,0.003354399999807356,0.08069130000149016,0.0009538999984215479,0.08606850000069244
synthetic-n100-seed404,100,404,B3,5,True,2720.0,39.866666666666674,389.21020172846283,40,20,3,0.6,0.5099949581494829,0.0028864000014436897,0.08893190000162576,0.0009240999970643315,0.09366719999889028
synthetic-n100-seed404,100,404,B3,6,True,2720.0,40.52,380.52943874899233,39,20,3,0.61,0.5136214189326005,0.003044700002647005,0.08215050000217161,0.000925299998925766,0.08707850000064354
synthetic-n100-seed404,100,404,B3,7,True,2720.0,39.78,379.1723201887058,41,20,3,0.5900000000000001,0.5087976371786453,0.0029175999989092816,0.12170419999893056,0.000960299999860581,0.1265385000006063
synthetic-n100-seed404,100,404,B3,8,True,2720.0,40.68,369.04489922092824,39,20,3,0.61,0.513910463899438,0.003210000002582092,0.0786048000009032,0.0011983999975200277,0.08439550000184681
synthetic-n100-seed404,100,404,B3,9,True,2720.0,40.24666666666667,379.6253449984157,43,20,3,0.5700000000000001,0.511813876551093,0.0028052000016032252,0.08305040000050212,0.0009131999977398664,0.08777370000098017
synthetic-n100-seed404,100,404,B3,10,True,2720.0,39.906666666666666,369.71931802322763,38,20,3,0.62,0.5090033512038142,0.0036985000006097835,0.07857610000064597,0.0010006999982579146,0.08417350000308943
synthetic-n100-seed404,100,404,LNS,1,True,2720.0,42.10666666666667,374.86020528549454,39,20,3,0.61,0.5234151350510979,0.002904999997554114,1.000129799998831,0.00090730000010808,1.0048902999988059
synthetic-n100-seed404,100,404,LNS,2,True,2720.0,42.10666666666667,374.86020528549454,39,20,3,0.61,0.5234151350510979,0.003139000000373926,1.00013509999917,0.0009136000007856637,1.0050881999995909
synthetic-n100-seed404,100,404,LNS,3,True,2720.0,42.10666666666667,374.86020528549454,39,20,3,0.61,0.5234151350510979,0.002776799999992363,1.0001037000001816,0.0011687000005622394,1.0052453999996942
synthetic-n100-seed404,100,404,LNS,4,True,2824.0,40.18666666666667,406.6237768201788,45,21,3,0.55,0.521947757051633,0.002843499998562038,1.0001052999978128,0.0009871000002021901,1.0052636000000348
synthetic-n100-seed404,100,404,LNS,5,True,2720.0,42.10666666666667,374.86020528549454,39,20,3,0.61,0.5234151350510979,0.003713199999765493,1.0001482000006945,0.0011474999992060475,1.0059967999986839
synthetic-n100-seed404,100,404,LNS,6,True,2720.0,42.10666666666667,374.86020528549454,39,20,3,0.61,0.5234151350510979,0.004282100002455991,1.00018049999926,0.0009565999971528072,1.0063463000005868
synthetic-n100-seed404,100,404,LNS,7,True,2752.0,40.24666666666667,364.50106610073414,37,21,3,0.63,0.5135502669067099,0.00294190000204253,1.0001760000013746,0.0010244000004604459,1.0051966999999422
synthetic-n100-seed404,100,404,LNS,8,True,2688.0,41.27333333333333,404.14848559638875,41,20,3,0.5900000000000001,0.5172510573366204,0.0028401999989000615,1.0001355999993393,0.0009687999991001561,1.0049505999995745
synthetic-n100-seed404,100,404,LNS,9,True,2720.0,42.10666666666667,374.86020528549454,39,20,3,0.61,0.5234151350510979,0.0029395999990811106,1.0001024000011967,0.0010053000005427748,1.0051196999993408
synthetic-n100-seed404,100,404,LNS,10,True,2720.0,42.10666666666667,374.86020528549454,39,20,3,0.61,0.5234151350510979,0.003754299999854993,1.0001173000018753,0.000995800000964664,1.0057668999979796
synthetic-n100-seed404,100,404,ALNS,1,True,2720.0,42.10666666666667,374.86020528549454,39,20,3,0.61,0.5234151350510979,0.0030583000007027294,1.0001281000004383,0.0009152999991783872,1.0050597000008565
synthetic-n100-seed404,100,404,ALNS,2,True,2720.0,42.10666666666667,374.86020528549454,39,20,3,0.61,0.5234151350510979,0.003035200003068894,1.000129600000946,0.0009677999987616204,1.0051889000023948
synthetic-n100-seed404,100,404,ALNS,3,True,2720.0,42.10666666666667,374.86020528549454,39,20,3,0.61,0.5234151350510979,0.003114900002401555,1.0001699999993434,0.0012071999990439508,1.0054639000009047
synthetic-n100-seed404,100,404,ALNS,4,True,2784.0,40.00666666666667,413.3390377595418,44,21,3,0.56,0.517844732448378,0.002996999999595573,1.0001343999974779,0.0009973000014724676,1.0053144000012253
synthetic-n100-seed404,100,404,ALNS,5,True,2720.0,42.10666666666667,374.86020528549454,39,20,3,0.61,0.5234151350510979,0.0035986000002594665,1.0001168999988295,0.0009676000008767005,1.0060120999987703
synthetic-n100-seed404,100,404,ALNS,6,True,2720.0,42.10666666666667,374.86020528549454,39,20,3,0.61,0.5234151350510979,0.002927600002294639,1.000149200001033,0.000916600001801271,1.0055626000030315
synthetic-n100-seed404,100,404,ALNS,7,True,2752.0,40.24666666666667,364.50106610073414,37,21,3,0.63,0.5135502669067099,0.003380400001333328,1.0001252000001841,0.0010326000010536518,1.0055100999998103
synthetic-n100-seed404,100,404,ALNS,8,True,2688.0,41.27333333333333,404.14848559638875,41,20,3,0.5900000000000001,0.5172510573366204,0.002817100001266226,1.000148300001456,0.0010739000026660506,1.0052426000002015
synthetic-n100-seed404,100,404,ALNS,9,True,2720.0,42.10666666666667,374.86020528549454,39,20,3,0.61,0.5234151350510979,0.007160499997553416,1.0001422999994247,0.0009229999996023253,1.0091405999992276
synthetic-n100-seed404,100,404,ALNS,10,True,2720.0,42.10666666666667,374.86020528549454,39,20,3,0.61,0.5234151350510979,0.0030099999967205804,1.0001167000009445,0.000940699999773642,1.004996099996788
synthetic-n100-seed404,100,404,VNS,1,True,2720.0,39.64,408.03514830546516,43,20,3,0.5700000000000001,0.5097490408476224,0.002920299997640541,0.15874219999750494,0.0009327999978268053,0.16349949999857927
synthetic-n100-seed404,100,404,VNS,2,True,2720.0,40.239999999999995,402.9267275697009,40,20,3,0.6,0.5132627765577897,0.0034890999995695893,0.17844159999731346,0.0009470000004512258,0.18415710000044783
synthetic-n100-seed404,100,404,VNS,3,True,2704.0,39.68666666666667,381.1263900138519,40,20,3,0.6,0.5069730085763695,0.0030904000013833866,0.22300770000219927,0.001071299997420283,0.2282691000000341
synthetic-n100-seed404,100,404,VNS,4,True,2736.0,40.08,390.46311471273947,38,20,3,0.62,0.5127930205508512,0.003000400000018999,0.20878580000135116,0.0015607000023010187,0.2148285000002943
synthetic-n100-seed404,100,404,VNS,5,True,2712.0,40.10666666666666,384.36934025338326,41,20,3,0.5900000000000001,0.5105452459658084,0.00329030000284547,0.1853688000010152,0.000922399998671608,0.19054289999985485
synthetic-n100-seed404,100,404,VNS,6,True,2712.0,39.70666666666666,398.9173753864134,42,20,3,0.5800000000000001,0.5089160074005178,0.0031688000017311424,0.23609870000291266,0.0010804999983520247,0.24124579999988782
synthetic-n100-seed404,100,404,VNS,7,True,2712.0,39.720000000000006,371.15514154685854,40,20,3,0.6,0.5072242329474247,0.003126600000541657,0.15913029999865103,0.0009429000019736122,0.16410069999983534
synthetic-n100-seed404,100,404,VNS,8,True,2720.0,40.71333333333333,380.59382862481044,42,20,3,0.5800000000000001,0.5148631116229827,0.0028079000003344845,0.14752790000056848,0.0009554999996908009,0.1521802999995998
synthetic-n100-seed404,100,404,VNS,9,True,2720.0,40.10666666666667,391.38904276244295,41,20,3,0.5900000000000001,0.5116707257230317,0.003254300001572119,0.1602121000032639,0.000988899999356363,0.1653721000002406
synthetic-n100-seed404,100,404,VNS,10,True,2728.0,39.94,405.67157581811944,39,20,3,0.61,0.5121942443920429,0.002872699998988537,0.15558930000042892,0.0009797999991860706,0.1604035999989719
synthetic-n100-seed405,100,405,B0,1,True,3336.0,43.53333333333333,785.2018084353087,63,19,3,0.37,0.7267893166234284,0.002411599998595193,1.080000220099464e-05,0.0008937999991758261,0.0043114000000059605
synthetic-n100-seed405,100,405,B2,1,True,2320.0,35.406666666666666,312.81099871895606,40,18,3,0.6,0.5268740939497966,0.004109900000912603,0.06372420000116108,0.0008859999979904387,0.06964560000051279
synthetic-n100-seed405,100,405,B3,1,True,2320.0,34.86,306.52054074842476,36,18,3,0.64,0.5222066265196895,0.002756099998805439,0.07887949999712873,0.0011402999989513773,0.08378109999830485
synthetic-n100-seed405,100,405,B3,2,True,2320.0,35.0,298.84288945102935,42,18,3,0.5800000000000001,0.5226907267266271,0.0042893999998341314,0.07914069999969797,0.0008649999981571455,0.08524929999839514
synthetic-n100-seed405,100,405,B3,3,True,2320.0,34.919999999999995,297.28687942599555,37,18,3,0.63,0.5219590261121528,0.004528400000708643,0.10970690000249306,0.0010485000020707957,0.11617660000047181
synthetic-n100-seed405,100,405,B3,4,True,2320.0,35.0,309.21712350557135,41,18,3,0.5900000000000001,0.523485078491906,0.0029586999989987817,0.08135089999996126,0.0008737999996810686,0.08608689999891794
synthetic-n100-seed405,100,405,B3,5,True,2320.0,35.0,310.1609416523328,39,18,3,0.61,0.5235573463438785,0.0028907999985676724,0.09402989999944111,0.0008674000018800143,0.09869500000058906
synthetic-n100-seed405,100,405,B3,6,True,2320.0,34.9,304.32242428406784,41,18,3,0.5900000000000001,0.5223445961625413,0.00257430000056047,0.0851176000032865,0.0013136000015947502,0.0905507999996189
synthetic-n100-seed405,100,405,B3,7,True,2320.0,35.06666666666667,307.6895561176962,42,18,3,0.5800000000000001,0.5238785776709866,0.004993400001694681,0.0760240999989037,0.0009338999989267904,0.08325300000069547
synthetic-n100-seed405,100,405,B3,8,True,2320.0,35.0,303.1323059624702,40,18,3,0.6,0.5230191659694633,0.003092799997830298,0.08499010000014096,0.0013923999977123458,0.09077309999702265
synthetic-n100-seed405,100,405,B3,9,True,2320.0,34.94666666666667,299.1630527950788,41,18,3,0.5900000000000001,0.5223068699127463,0.003091599999606842,0.08898159999807831,0.0009070999985851813,0.0948714000005566
synthetic-n100-seed405,100,405,B3,10,True,2320.0,35.06666666666667,302.301508638323,37,18,3,0.63,0.5234660166082474,0.003851199999189703,0.0868899999986752,0.001550400000269292,0.09342499999911524
synthetic-n100-seed405,100,405,LNS,1,True,2320.0,35.406666666666666,312.81099871895606,40,18,3,0.6,0.5268740939497966,0.005087399997137254,1.0000999999974738,0.0008544999982404988,1.0069277999973565
synthetic-n100-seed405,100,405,LNS,2,True,2312.0,35.11333333333334,352.37927627283915,42,18,3,0.5800000000000001,0.5268584198256906,0.0027501000004122034,1.0001670999990893,0.0009019000026455615,1.0047277999983635
synthetic-n100-seed405,100,405,LNS,3,True,2312.0,35.25333333333333,306.6894514370718,39,18,3,0.61,0.5244319401292306,0.00298800000018673,1.0001238000004378,0.0008606000010331627,1.0050616000007722
synthetic-n100-seed405,100,405,LNS,4,True,2320.0,35.406666666666666,312.81099871895606,40,18,3,0.6,0.5268740939497966,0.002923300002294127,1.0001358000008622,0.0008765000020503066,1.0050183999992441
synthetic-n100-seed405,100,405,LNS,5,True,2320.0,35.406666666666666,312.81099871895606,40,18,3,0.6,0.5268740939497966,0.0031931999983498827,1.0001053000014508,0.000856700000440469,1.0059209999999439
synthetic-n100-seed405,100,405,LNS,6,True,2272.0,34.980000000000004,306.2961801151906,42,18,3,0.5800000000000001,0.5183121203694994,0.0028935000009369105,1.0001001999989967,0.0008940000006987248,1.0164907000034873
synthetic-n100-seed405,100,405,LNS,7,True,2320.0,35.14666666666667,311.13837233417894,40,18,3,0.6,0.5247552098468274,0.0036627000008593313,1.000297299997328,0.0013456999986374285,1.0071459999999206
synthetic-n100-seed405,100,405,LNS,8,True,2280.0,35.486666666666665,318.02971386271696,42,18,3,0.5800000000000001,0.5238894441593591,0.0028327999971224926,1.0001269999993383,0.0009038999996846542,1.0048438999983773
synthetic-n100-seed405,100,405,LNS,9,True,2320.0,35.406666666666666,312.81099871895606,40,18,3,0.6,0.5268740939497966,0.002829199998814147,1.0001602999982424,0.000873099997988902,1.0047632999994676
synthetic-n100-seed405,100,405,LNS,10,True,2288.0,34.946666666666665,304.9560206350774,40,18,3,0.6,0.5195529935509161,0.0027145999993081205,1.000118800002383,0.0008816999979899265,1.0046183000013116
synthetic-n100-seed405,100,405,ALNS,1,True,2320.0,35.406666666666666,312.81099871895606,40,18,3,0.6,0.5268740939497966,0.0026161000023421366,1.0001216000018758,0.0008508000028086826,1.0044937000020582
synthetic-n100-seed405,100,405,ALNS,2,True,2312.0,35.11333333333334,352.37927627283915,42,18,3,0.5800000000000001,0.5268584198256906,0.004091599999810569,1.0001154000019596,0.0008521000017935876,1.0065107000009448
synthetic-n100-seed405,100,405,ALNS,3,True,2312.0,35.25333333333333,306.6894514370718,39,18,3,0.61,0.5244319401292306,0.00290339999992284,1.000108199998067,0.001321699997788528,1.0053231999991112
synthetic-n100-seed405,100,405,ALNS,4,True,2320.0,35.406666666666666,312.81099871895606,40,18,3,0.6,0.5268740939497966,0.0027910000026167836,1.0001335999986622,0.001116100000217557,1.0051086000021314
synthetic-n100-seed405,100,405,ALNS,5,True,2320.0,35.406666666666666,312.81099871895606,40,18,3,0.6,0.5268740939497966,0.00294930000018212,1.0001073999992514,0.0011507000017445534,1.0051902999985032
synthetic-n100-seed405,100,405,ALNS,6,True,2272.0,34.980000000000004,306.2961801151906,42,18,3,0.5800000000000001,0.5183121203694994,0.00494780000008177,1.000144800000271,0.0009242000014637597,1.0069881999988866
synthetic-n100-seed405,100,405,ALNS,7,True,2320.0,35.14666666666667,311.13837233417894,40,18,3,0.6,0.5247552098468274,0.0030274000018835068,1.0001585999998497,0.0008973000003607012,1.0051864000015485
synthetic-n100-seed405,100,405,ALNS,8,True,2280.0,35.486666666666665,318.02971386271696,42,18,3,0.5800000000000001,0.5238894441593591,0.0028036000003339723,1.000159100000019,0.0009105000026465859,1.004839199998969
synthetic-n100-seed405,100,405,ALNS,9,True,2320.0,35.406666666666666,312.81099871895606,40,18,3,0.6,0.5268740939497966,0.0029458999997586943,1.0001584000019648,0.0009160000008705538,1.0049932000001718
synthetic-n100-seed405,100,405,ALNS,10,True,2288.0,34.946666666666665,304.9560206350774,40,18,3,0.6,0.5195529935509161,0.0028550999995786697,1.0001219000005221,0.0009641000033298042,1.0049101000004157
synthetic-n100-seed405,100,405,VNS,1,True,2320.0,35.0,321.59150500788576,36,18,3,0.64,0.5244325809040281,0.0028730999983963557,0.1527204999983951,0.0009136000007856637,0.15741139999954612
synthetic-n100-seed405,100,405,VNS,2,True,2320.0,34.94,294.3977255550811,40,18,3,0.6,0.5218909438862023,0.0030829999996058177,0.14398150000124588,0.0008615000006102491,0.1489925999994739
synthetic-n100-seed405,100,405,VNS,3,True,2320.0,34.92666666666667,303.07075756488877,43,18,3,0.5700000000000001,0.5224529422534668,0.003128400003333809,0.14160460000130115,0.001262400000996422,0.14693820000320557
synthetic-n100-seed405,100,405,VNS,4,True,2320.0,35.266666666666666,294.2946389020312,36,18,3,0.64,0.524384326735637,0.003153000001475448,0.15077599999858649,0.0009433000013814308,0.15582670000003418
synthetic-n100-seed405,100,405,VNS,5,True,2320.0,34.89333333333333,295.91198990677344,40,18,3,0.6,0.5216495654547342,0.002938099998573307,0.15543550000074902,0.0009285999985877424,0.16027049999684095
synthetic-n100-seed405,100,405,VNS,6,True,2320.0,34.95333333333333,300.8043495055901,42,18,3,0.5800000000000001,0.5224835899263127,0.0035470000002533197,0.1570955999995931,0.0009281999991799239,0.1624712000011641
synthetic-n100-seed405,100,405,VNS,7,True,2320.0,34.92666666666667,300.17512444692676,41,18,3,0.5900000000000001,0.5222312245568388,0.0027416000011726283,0.1491359999999986,0.0008809999999357387,0.15367130000231555
synthetic-n100-seed405,100,405,VNS,8,True,2304.0,34.986666666666665,306.7936918091775,42,18,3,0.5800000000000001,0.5215987031785464,0.003070099999604281,0.19897800000035204,0.0011095999980170745,0.20480529999986175
synthetic-n100-seed405,100,405,VNS,9,True,2280.0,34.94,312.10089152633327,40,18,3,0.6,0.5192496670534593,0.0033607000004849397,0.1664901000003738,0.0009992000013880897,0.17176540000218665
synthetic-n100-seed405,100,405,VNS,10,True,2280.0,35.14666666666666,297.0383670749338,41,18,3,0.5900000000000001,0.5196787744206315,0.0028020999998261686,0.14647559999866644,0.0009634000016376376,0.15117520000057993
synthetic-n200-seed401,200,401,B0,1,True,7664.0,93.57999999999998,3278.74894453742,124,43,3,0.38,0.7250614259552863,0.0037604999997711275,1.1299998732283711e-05,0.0023516000001109205,0.007602900001074886
synthetic-n200-seed401,200,401,B2,1,True,4768.0,75.79333333333334,1240.160321309535,81,38,3,0.595,0.49944079073604764,0.0041543000006640796,0.2525107000001299,0.002024500001425622,0.2605622000010044
synthetic-n200-seed401,200,401,B3,1,True,4768.0,73.16,1304.859146976374,86,38,3,0.5700000000000001,0.4912131095897943,0.004324100002122577,0.2696919000009075,0.0017716999973345082,0.27733050000097137
synthetic-n200-seed401,200,401,B3,2,True,4768.0,73.10666666666665,1328.0086192190768,84,38,3,0.5800000000000001,0.4914354292730606,0.00427059999856283,0.3035442999971565,0.0017604000022402033,0.3111374000000069
synthetic-n200-seed401,200,401,B3,3,True,4768.0,73.30666666666667,1262.6881972208598,82,38,3,0.5900000000000001,0.4909844706993231,0.004732900000817608,0.2728564999997616,0.0017738999995344784,0.28118460000041523
synthetic-n200-seed401,200,401,B3,4,True,4768.0,73.11333333333333,1281.389198154478,81,38,3,0.595,0.4906288807275868,0.004426299998158356,0.29728209999666433,0.0015974000016285572,0.305286700000579
synthetic-n200-seed401,200,401,B3,5,True,4768.0,72.73333333333333,1325.7528101013381,86,38,3,0.5700000000000001,0.4900654343349613,0.00612120000005234,0.2740249999988009,0.0018147999981010798,0.2835382999983267
synthetic-n200-seed401,200,401,B3,6,True,4768.0,72.77333333333334,1291.7211088960312,79,38,3,0.605,0.4896018078263536,0.0040520000002288725,0.3055574999998498,0.0015988000013749115,0.31268679999993765
synthetic-n200-seed401,200,401,B3,7,True,4768.0,72.82000000000001,1275.5436604735414,81,38,3,0.595,0.4894799136344116,0.003993199999968056,0.2728458999990835,0.0016173000003618654,0.2799727999990864
synthetic-n200-seed401,200,401,B3,8,True,4768.0,73.14,1362.7468960229014,86,38,3,0.5700000000000001,0.49217285435446145,0.004360899998573586,0.31435209999835934,0.0034957999996549916,0.325089999998454
synthetic-n200-seed401,200,401,B3,9,True,4768.0,72.86666666666666,1367.693293750031,86,38,3,0.5700000000000001,0.49128733271629915,0.007835899999918183,0.29116219999923487,0.0016103999987535644,0.30209259999901406
synthetic-n200-seed401,200,401,B3,10,True,4768.0,73.01333333333334,1278.1865579820685,80,38,3,0.6,0.49021564000356443,0.0044084000001021195,0.2830709999980172,0.0016490999987581745,0.2911883000015223
synthetic-n200-seed401,200,401,LNS,1,True,4768.0,75.79333333333334,1240.160321309535,81,38,3,0.595,0.49944079073604764,0.004517400000622729,1.0001393999991706,0.001652700000704499,1.0081299000012223
synthetic-n200-seed401,200,401,LNS,2,True,4768.0,75.79333333333334,1240.160321309535,81,38,3,0.595,0.49944079073604764,0.004261300000507617,1.000209800000448,0.00160439999672235,1.0183988999997382
synthetic-n200-seed401,200,401,LNS,3,True,4760.0,75.49333333333334,1265.7259513186516,82,38,3,0.5900000000000001,0.49847956496776297,0.004092799998034025,1.0002289000003657,0.0016601999996055383,1.0079050999993342
synthetic-n200-seed401,200,401,LNS,4,True,4768.0,75.79333333333334,1240.160321309535,81,38,3,0.595,0.49944079073604764,0.00428519999695709,1.0001508999994257,0.0016533999987586867,1.0079665999983263
synthetic-n200-seed401,200,401,LNS,5,True,4768.0,75.79333333333334,1240.160321309535,81,38,3,0.595,0.49944079073604764,0.004282600002625259,1.0002292999997735,0.0016121000007842667,1.0122607000012067
synthetic-n200-seed401,200,401,LNS,6,True,4768.0,75.79333333333334,1240.160321309535,81,38,3,0.595,0.49944079073604764,0.004640099999960512,1.0077368000020215,0.0017420999975001905,1.019787199998973
synthetic-n200-seed401,200,401,LNS,7,True,4768.0,75.79333333333334,1240.160321309535,81,38,3,0.595,0.49944079073604764,0.004267200001777383,1.000188199999684,0.001692199999524746,1.0079193000019586
synthetic-n200-seed401,200,401,LNS,8,True,4768.0,75.79333333333334,1240.160321309535,81,38,3,0.595,0.49944079073604764,0.004352399999334011,1.0001694000020507,0.0016256999988399912,1.0077577000010933
synthetic-n200-seed401,200,401,LNS,9,True,4768.0,75.79333333333334,1240.160321309535,81,38,3,0.595,0.49944079073604764,0.004016900002170587,1.000287800001388,0.0016209000023081899,1.007439400000294
synthetic-n200-seed401,200,401,LNS,10,True,4768.0,75.79333333333334,1240.160321309535,81,38,3,0.595,0.49944079073604764,0.004288199997972697,1.0002731999993557,0.0016242000019701663,1.009855799999059
synthetic-n200-seed401,200,401,ALNS,1,True,4768.0,75.79333333333334,1240.160321309535,81,38,3,0.595,0.49944079073604764,0.004512899999099318,1.0002266000010422,0.001582999997481238,1.0122272999979032
synthetic-n200-seed401,200,401,ALNS,2,True,4768.0,75.79333333333334,1240.160321309535,81,38,3,0.595,0.49944079073604764,0.004492400003073271,1.0002859000014723,0.001668299999437295,1.0170401000032143
synthetic-n200-seed401,200,401,ALNS,3,True,4760.0,75.49333333333334,1265.7259513186516,82,38,3,0.5900000000000001,0.49847956496776297,0.006489200000942219,1.0001866000020527,0.0016305999997712206,1.0112756000016816
synthetic-n200-seed401,200,401,ALNS,4,True,4768.0,75.79333333333334,1240.160321309535,81,38,3,0.595,0.49944079073604764,0.007929999999760184,1.000153400000272,0.0016356000014638994,1.012240500000189
synthetic-n200-seed401,200,401,ALNS,5,True,4768.0,75.79333333333334,1240.160321309535,81,38,3,0.595,0.49944079073604764,0.004427399999258341,1.0002107999971486,0.00208070000007865,1.0121211000005133
synthetic-n200-seed401,200,401,ALNS,6,True,4768.0,75.79333333333334,1240.160321309535,81,38,3,0.595,0.49944079073604764,0.004126499999983935,1.000218400000449,0.001831300000048941,1.0139318000001367
synthetic-n200-seed401,200,401,ALNS,7,True,4768.0,75.79333333333334,1240.160321309535,81,38,3,0.595,0.49944079073604764,0.004223699997965014,1.000164199998835,0.0016503999977430794,1.0075273000002198
synthetic-n200-seed401,200,401,ALNS,8,True,4768.0,75.79333333333334,1240.160321309535,81,38,3,0.595,0.49944079073604764,0.004467400001885835,1.0003150999982608,0.0016223999991780147,1.0084911000012653
synthetic-n200-seed401,200,401,ALNS,9,True,4768.0,75.79333333333334,1240.160321309535,81,38,3,0.595,0.49944079073604764,0.004283899997972185,1.0002005999995163,0.0018086000018229242,1.0078238999994937
synthetic-n200-seed401,200,401,ALNS,10,True,4768.0,75.79333333333334,1240.160321309535,81,38,3,0.595,0.49944079073604764,0.004225700002280064,1.0001813999988372,0.0016656999978295062,1.0103226999999606
synthetic-n200-seed401,200,401,VNS,1,True,4768.0,72.86000000000001,1353.4821427229695,85,38,3,0.575,0.4910104843092251,0.004149899999902118,0.4284686999999394,0.0016740999999456108,0.4358859999993001
synthetic-n200-seed401,200,401,VNS,2,True,4720.0,72.82666666666667,1330.091314757116,90,38,3,0.55,0.4883874754520422,0.004166599999734899,0.39441680000163615,0.0017144999983429443,0.4018572999993921
synthetic-n200-seed401,200,401,VNS,3,True,4744.0,72.60666666666667,1287.4582504136501,80,38,3,0.6,0.4878883755552841,0.005367499998101266,0.39704210000127205,0.0037369000019680243,0.40878389999852516
synthetic-n200-seed401,200,401,VNS,4,True,4768.0,72.74,1396.7417542413825,87,38,3,0.565,0.4913534994035902,0.00461889999860432,0.39204270000118413,0.003908300001057796,0.403476799998316
synthetic-n200-seed401,200,401,VNS,5,True,4752.0,72.74,1294.5301948062663,88,38,3,0.56,0.4888372098059439,0.006915500001923647,0.38004949999958626,0.0016075999992608558,0.390295100001822
synthetic-n200-seed401,200,401,VNS,6,True,4760.0,73.54666666666667,1246.5031434750924,82,38,3,0.5900000000000001,0.4912031501145733,0.004214699998556171,0.4151151000005484,0.0016499000012117904,0.42246809999778634
synthetic-n200-seed401,200,401,VNS,7,True,4768.0,73.00666666666666,1331.0041848113929,78,38,3,0.61,0.49113257904851687,0.006509000002552057,0.4025885999981256,0.001631999999517575,0.41273680000085733
synthetic-n200-seed401,200,401,VNS,8,True,4768.0,72.90666666666668,1301.1079002079887,86,38,3,0.5700000000000001,0.4902439225584656,0.008201000000553904,0.3890191999998933,0.0017454999979236163,0.4005847000007634
synthetic-n200-seed401,200,401,VNS,9,True,4768.0,73.19333333333334,1211.6477586515957,77,38,3,0.615,0.4896717417466279,0.004065500001161126,0.4260439000026963,0.0017148000006272923,0.4333184999995865
synthetic-n200-seed401,200,401,VNS,10,True,4784.0,73.15333333333332,1258.3807199525806,83,38,3,0.585,0.4910574728536043,0.0043203999994148035,0.3894473000000289,0.0017183000018121675,0.3969980999972904
synthetic-n200-seed402,200,402,B0,1,True,7888.0,98.67333333333332,3488.654898740349,124,43,3,0.38,0.7255926665778272,0.004051600000821054,1.219999830937013e-05,0.001859899999544723,0.007594400001835311
synthetic-n200-seed402,200,402,B2,1,True,5248.0,78.54666666666667,1400.9909913631602,77,39,3,0.615,0.5107776884881702,0.004151300003286451,0.26154659999883734,0.0016868000020622276,0.2689083000004757
synthetic-n200-seed402,200,402,B3,1,True,5248.0,76.76666666666667,1445.4888664898933,81,39,3,0.595,0.5055161837777914,0.004807099998288322,0.2795834999997169,0.0022623000004386995,0.288707699997758
synthetic-n200-seed402,200,402,B3,2,True,5248.0,77.64,1445.0569762844266,82,39,3,0.5900000000000001,0.5084591399371928,0.0055824999981268775,0.33303049999813084,0.0016264000005321577,0.34175020000111545
synthetic-n200-seed402,200,402,B3,3,True,5248.0,77.2,1453.5699804251396,78,39,3,0.61,0.5071165449122065,0.004192100001091603,0.27647500000239233,0.00176850000207196,0.2839142000011634
synthetic-n200-seed402,200,402,B3,4,True,5248.0,76.85333333333334,1420.1150676058787,81,39,3,0.595,0.5053803742792663,0.0046624999995401595,0.28081200000087847,0.0017128999970736913,0.28866310000012163
synthetic-n200-seed402,200,402,B3,5,True,5248.0,76.88,1373.702653701176,84,39,3,0.5800000000000001,0.5046865177734327,0.004960500002198387,0.280318699999043,0.0019498999972711317,0.28874200000063865
synthetic-n200-seed402,200,402,B3,6,True,5248.0,77.01333333333334,1410.777994247436,80,39,3,0.6,0.5057631681216005,0.004487999998673331,0.2775645000001532,0.001706999999441905,0.2856439999995928
synthetic-n200-seed402,200,402,B3,7,True,5248.0,77.46666666666667,1386.5722060117441,81,39,3,0.595,0.5068857422454938,0.004278600001271116,0.28528230000301846,0.001678399999946123,0.29308550000132527
synthetic-n200-seed402,200,402,B3,8,True,5248.0,76.86,1406.4230158126722,83,39,3,0.585,0.5051716262477165,0.004689199999120319,0.2822588999988511,0.001711799999611685,0.2901520999985223
synthetic-n200-seed402,200,402,B3,9,True,5248.0,77.04,1435.3353139333465,80,39,3,0.6,0.5062680436877657,0.004210099999909289,0.28764180000143824,0.0018111999997927342,0.29529230000116513
synthetic-n200-seed402,200,402,B3,10,True,5248.0,76.83333333333333,1453.4164396946594,88,39,3,0.56,0.505875296448187,0.004045800000312738,0.33088999999745283,0.002127300002030097,0.3386738000008336
synthetic-n200-seed402,200,402,LNS,1,True,5248.0,78.54666666666667,1400.9909913631602,77,39,3,0.615,0.5107776884881702,0.004059400002006441,1.0001737000020512,0.001704400001472095,1.010079300001962
synthetic-n200-seed402,200,402,LNS,2,True,5248.0,78.54666666666667,1400.9909913631602,77,39,3,0.615,0.5107776884881702,0.004056899997522123,1.0002925000007963,0.0017389999993611127,1.0079628999992565
synthetic-n200-seed402,200,402,LNS,3,True,5232.0,78.44666666666669,1435.1028953192138,80,39,3,0.6,0.510339916616761,0.006509099999675527,1.0001520000005257,0.0018473000018275343,1.0102426999983436
synthetic-n200-seed402,200,402,LNS,4,True,5184.0,78.62666666666668,1381.5476681921666,77,39,3,0.615,0.5080149980872707,0.004685200001404155,1.000233800001297,0.0016211000001931097,1.0126939000001585
synthetic-n200-seed402,200,402,LNS,5,True,5248.0,78.54666666666667,1400.9909913631602,77,39,3,0.615,0.5107776884881702,0.006847500000731088,1.0002373999996053,0.0016907999997783918,1.0120137999983854
synthetic-n200-seed402,200,402,LNS,6,True,5248.0,78.54666666666667,1400.9909913631602,77,39,3,0.615,0.5107776884881702,0.004255400002875831,1.000232500002312,0.001799199999368284,1.0081755000028352
synthetic-n200-seed402,200,402,LNS,7,True,5248.0,78.54666666666667,1400.9909913631602,77,39,3,0.615,0.5107776884881702,0.004169700001511956,1.000281000000541,0.0016190000023925677,1.0093326000023808
synthetic-n200-seed402,200,402,LNS,8,True,5248.0,78.54666666666667,1400.9909913631602,77,39,3,0.615,0.5107776884881702,0.005518599999049911,1.0001670999990893,0.0016141000014613383,1.0090907000012521
synthetic-n200-seed402,200,402,LNS,9,True,5248.0,78.54666666666667,1400.9909913631602,77,39,3,0.615,0.5107776884881702,0.004203999997116625,1.000160199997481,0.0017020999985106755,1.0081875999967451
synthetic-n200-seed402,200,402,LNS,10,True,5248.0,78.54666666666667,1400.9909913631602,77,39,3,0.615,0.5107776884881702,0.00429959999746643,1.0001986999996006,0.0016155000012076925,1.0111164999980247
synthetic-n200-seed402,200,402,ALNS,1,True,5248.0,78.54666666666667,1400.9909913631602,77,39,3,0.615,0.5107776884881702,0.004258399996615481,1.0002348000016354,0.0016079999986686744,1.0109709999996994
synthetic-n200-seed402,200,402,ALNS,2,True,5248.0,78.54666666666667,1400.9909913631602,77,39,3,0.615,0.5107776884881702,0.004574200000206474,1.0002002000001085,0.0017833000019891188,1.008419399997365
synthetic-n200-seed402,200,402,ALNS,3,True,5232.0,78.44666666666669,1435.1028953192138,80,39,3,0.6,0.510339916616761,0.0039055000015650876,1.0002074000003631,0.001624599997740006,1.0072925999993458
synthetic-n200-seed402,200,402,ALNS,4,True,5184.0,78.62666666666668,1381.5476681921666,77,39,3,0.615,0.5080149980872707,0.0042530999999144115,1.000187300000107,0.0016786999985924922,1.012155200001871
synthetic-n200-seed402,200,402,ALNS,5,True,5248.0,78.54666666666667,1400.9909913631602,77,39,3,0.615,0.5107776884881702,0.004435400001966627,1.0002411999994365,0.0024405999974987935,1.0087961999997788
synthetic-n200-seed402,200,402,ALNS,6,True,5248.0,78.54666666666667,1400.9909913631602,77,39,3,0.615,0.5107776884881702,0.004104100000404287,1.000218600001972,0.0016849000021466054,1.0076365000022633
synthetic-n200-seed402,200,402,ALNS,7,True,5248.0,78.54666666666667,1400.9909913631602,77,39,3,0.615,0.5107776884881702,0.004160699998465134,1.0002405000013823,0.0016728999980841763,1.0076040999992983
synthetic-n200-seed402,200,402,ALNS,8,True,5248.0,78.54666666666667,1400.9909913631602,77,39,3,0.615,0.5107776884881702,0.004417699998157332,1.000296199999866,0.0018086000018229242,1.0082937000006496
synthetic-n200-seed402,200,402,ALNS,9,True,5248.0,78.54666666666667,1400.9909913631602,77,39,3,0.615,0.5107776884881702,0.004268299999239389,1.0001594000023033,0.0017010000010486692,1.0088219999997818
synthetic-n200-seed402,200,402,ALNS,10,True,5248.0,78.54666666666667,1400.9909913631602,77,39,3,0.615,0.5107776884881702,0.004118699998798547,1.0002318999977433,0.0019446000005700625,1.010070699998323
synthetic-n200-seed402,200,402,VNS,1,True,5200.0,76.82666666666667,1528.461835658562,92,39,3,0.54,0.5050919509502082,0.004623100001481362,0.3911317999991297,0.001675499999691965,0.39885860000140383
synthetic-n200-seed402,200,402,VNS,2,True,5248.0,76.89333333333333,1380.9546520323788,79,39,3,0.605,0.5048540514704443,0.0046828999984427355,0.3893370000005234,0.0017636000011407305,0.39753379999820027
synthetic-n200-seed402,200,402,VNS,3,True,5248.0,76.87333333333333,1385.7183872879011,77,39,3,0.615,0.5048669515321887,0.004394999999931315,0.4035145999987435,0.0015999000024748966,0.4112182999997458
synthetic-n200-seed402,200,402,VNS,4,True,5248.0,76.92666666666668,1395.617555176167,81,39,3,0.595,0.5052143239150503,0.003977399999712361,0.40451240000038524,0.0017650000008870848,0.4117764000002353
synthetic-n200-seed402,200,402,VNS,5,True,5248.0,76.86,1403.2460368006878,81,39,3,0.595,0.5051179646874843,0.004065699999046046,0.39161460000104853,0.001966700001503341,0.3990946999983862
synthetic-n200-seed402,200,402,VNS,6,True,5240.0,76.84666666666666,1507.6161741229616,88,39,3,0.56,0.5064977463870337,0.004302699999243487,0.4292167999992671,0.001730100000713719,0.436806699999579
synthetic-n200-seed402,200,402,VNS,7,True,5296.0,77.24666666666668,1381.3518378351146,77,40,3,0.615,0.5080827708468767,0.005704400002287002,0.40094419999877573,0.0018120999993698206,0.4100116000008711
synthetic-n200-seed402,200,402,VNS,8,True,5248.0,77.01333333333334,1446.98319666541,79,39,3,0.605,0.5063747011669686,0.005467500002851011,0.3919491000015114,0.0016243000027316157,0.40091620000021067
synthetic-n200-seed402,200,402,VNS,9,True,5248.0,77.31333333333333,1415.3957859638028,79,39,3,0.605,0.5068546111274171,0.004461999997147359,0.40025880000030156,0.0017609999995329417,0.40801009999995586
synthetic-n200-seed402,200,402,VNS,10,True,5248.0,76.89333333333333,1509.6359053400847,90,39,3,0.55,0.5070275744301718,0.003935000000637956,0.39565419999780715,0.0019255000006523915,0.41122620000169263
synthetic-n200-seed403,200,403,B0,1,True,7504.0,94.04666666666667,3462.2580970183863,124,43,3,0.38,0.728023760609716,0.0038906000008864794,1.0900002962443978e-05,0.001722400000289781,0.0070940000005066395
synthetic-n200-seed403,200,403,B2,1,True,4840.0,75.09333333333335,1325.4324302066525,83,38,3,0.585,0.5046416419318708,0.003981699999712873,0.20221310000124504,0.0018041999974229839,0.2095677999968757
synthetic-n200-seed403,200,403,B3,1,True,4840.0,73.92666666666668,1320.5886282084648,85,38,3,0.575,0.5004207385624172,0.004247299999406096,0.22668350000094506,0.0018480000035197008,0.23415100000056555
synthetic-n200-seed403,200,403,B3,2,True,4840.0,73.72666666666667,1350.4190153349734,92,38,3,0.54,0.5002405157497446,0.005032299999584211,0.22102799999993294,0.0016174999982467853,0.2292792999978701
synthetic-n200-seed403,200,403,B3,3,True,4840.0,73.08000000000001,1384.4787170946083,89,38,3,0.5549999999999999,0.4985521051809898,0.003882500001054723,0.2716595999991114,0.001566799997817725,0.2788321000007272
synthetic-n200-seed403,200,403,B3,4,True,4840.0,73.36,1403.8816112711777,86,38,3,0.5700000000000001,0.4998883725336616,0.003793500000028871,0.2293443999988085,0.0016073999977379572,0.236220200000389
synthetic-n200-seed403,200,403,B3,5,True,4840.0,73.50666666666666,1383.2492392450156,79,38,3,0.605,0.5000425683461514,0.004030800002510659,0.2182704000006197,0.001582500000949949,0.2253524000007019
synthetic-n200-seed403,200,403,B3,6,True,4840.0,73.68666666666667,1326.6316860033623,82,38,3,0.5900000000000001,0.49967719028487584,0.0038531999998667743,0.22590219999983674,0.0015746999997645617,0.2327411000005668
synthetic-n200-seed403,200,403,B3,7,True,4840.0,73.72666666666667,1341.455972030952,82,38,3,0.5900000000000001,0.5000816753991382,0.003873300000122981,0.2244700000010198,0.0028074000001652166,0.2336823000005097
synthetic-n200-seed403,200,403,B3,8,True,4840.0,73.29333333333334,1332.8681727862281,83,38,3,0.585,0.49839360447847125,0.004190399999060901,0.24409599999853526,0.0016361000016331673,0.25138499999957276
synthetic-n200-seed403,200,403,B3,9,True,4840.0,73.63999999999999,1319.5830325858867,85,38,3,0.575,0.4993868736557057,0.004651200000807876,0.2206138999972609,0.001553900001454167,0.2282746999990195
synthetic-n200-seed403,200,403,B3,10,True,4840.0,73.34,1333.0789094833442,85,38,3,0.575,0.4985627416095134,0.004007700001238845,0.2223070000000007,0.001581399999849964,0.22935599999982514
synthetic-n200-seed403,200,403,LNS,1,True,4880.0,74.28,1349.9350492929645,84,39,3,0.5800000000000001,0.5039699704793937,0.004075900000316324,1.0002194000007876,0.0017679000011412427,1.008581599999161
synthetic-n200-seed403,200,403,LNS,2,True,4840.0,75.09333333333335,1323.2034154548453,82,38,3,0.5900000000000001,0.504602140004604,0.004243999999744119,1.000168599999597,0.0017238000000361353,1.0082371000025887
synthetic-n200-seed403,200,403,LNS,3,True,4832.0,73.89333333333335,1411.9052116983432,86,40,3,0.5700000000000001,0.501565512834963,0.004480100000364473,1.000296199999866,0.0016169000009540468,1.0078673999996681
synthetic-n200-seed403,200,403,LNS,4,True,4840.0,75.09333333333335,1325.4324302066525,83,38,3,0.585,0.5046416419318708,0.004018800002086209,1.0002060000006168,0.0017469000013079494,1.0106177000016032
synthetic-n200-seed403,200,403,LNS,5,True,4760.0,73.08666666666667,1320.639096873319,83,38,3,0.585,0.4938907273436053,0.004079599999386119,1.000202100000024,0.0015631999995093793,1.007976000000781
synthetic-n200-seed403,200,403,LNS,6,True,4784.0,74.01333333333334,1452.8205708062237,88,38,3,0.56,0.5005837270916422,0.004279099997802405,1.0001818999990064,0.0015789000026416034,1.01126160000058
synthetic-n200-seed403,200,403,LNS,7,True,4840.0,75.09333333333335,1325.4324302066525,83,38,3,0.585,0.5046416419318708,0.0038349999995261896,1.0002210999991803,0.0031540000018139835,1.0086795000024722
synthetic-n200-seed403,200,403,LNS,8,True,4840.0,75.09333333333335,1325.4324302066525,83,38,3,0.585,0.5046416419318708,0.005343099997844547,1.0002306999995199,0.002369800000451505,1.0103101999993669
synthetic-n200-seed403,200,403,LNS,9,True,4840.0,75.09333333333335,1325.4324302066525,83,38,3,0.585,0.5046416419318708,0.007332299999688985,1.0001648000034038,0.0015930000008665957,1.0106258999985585
synthetic-n200-seed403,200,403,LNS,10,True,4840.0,75.09333333333335,1325.4324302066525,83,38,3,0.585,0.5046416419318708,0.004604800000379328,1.0002000000022235,0.001621200000954559,1.0114491999993334
synthetic-n200-seed403,200,403,ALNS,1,True,4880.0,74.28,1349.9350492929645,84,39,3,0.5800000000000001,0.5039699704793937,0.0037618999995174818,1.0002253999991808,0.0016909000005398411,1.0114057999999204
synthetic-n200-seed403,200,403,ALNS,2,True,4840.0,75.09333333333335,1323.2034154548453,82,38,3,0.5900000000000001,0.504602140004604,0.004075599998031976,1.0001979999979085,0.0017693999980110675,1.0080128999979934
synthetic-n200-seed403,200,403,ALNS,3,True,4832.0,73.89333333333335,1411.9052116983432,86,40,3,0.5700000000000001,0.501565512834963,0.004026599999633618,1.000223900002311,0.0016326999975717627,1.0111847999978636
synthetic-n200-seed403,200,403,ALNS,4,True,4840.0,75.09333333333335,1325.4324302066525,83,38,3,0.585,0.5046416419318708,0.013089000000036322,1.0001606000005268,0.001897800000733696,1.0200708000011218
synthetic-n200-seed403,200,403,ALNS,5,True,4760.0,73.08666666666667,1320.639096873319,83,38,3,0.585,0.4938907273436053,0.003988600001321174,1.000253000001976,0.001725799997075228,1.0076379000020097
synthetic-n200-seed403,200,403,ALNS,6,True,4784.0,74.01333333333334,1452.8205708062237,88,38,3,0.56,0.5005837270916422,0.004094799998711096,1.0001745999979903,0.002469600000040373,1.0082739999998012
synthetic-n200-seed403,200,403,ALNS,7,True,4840.0,75.09333333333335,1325.4324302066525,83,38,3,0.585,0.5046416419318708,0.004121300000406336,1.0001553000001877,0.0018528000000515021,1.007730299999821
synthetic-n200-seed403,200,403,ALNS,8,True,4840.0,75.09333333333335,1325.4324302066525,83,38,3,0.585,0.5046416419318708,0.0038023999986762647,1.0002676000003703,0.001704400001472095,1.0118389999988722
synthetic-n200-seed403,200,403,ALNS,9,True,4840.0,75.09333333333335,1325.4324302066525,83,38,3,0.585,0.5046416419318708,0.0039443999994546175,1.0001916000001074,0.001695599999948172,1.0074831999991147
synthetic-n200-seed403,200,403,ALNS,10,True,4840.0,75.09333333333335,1325.4324302066525,83,38,3,0.585,0.5046416419318708,0.004090400001587113,1.0002101999998558,0.0016961999972409103,1.010745900002803
synthetic-n200-seed403,200,403,VNS,1,True,4832.0,73.22666666666666,1410.6313060387372,86,38,3,0.5700000000000001,0.49918004393666887,0.005276799998682691,0.34133960000326624,0.0016388000003644265,0.3496836999984225
synthetic-n200-seed403,200,403,VNS,2,True,4808.0,73.40666666666667,1367.3925960316612,85,38,3,0.575,0.4979856636197505,0.003923000000213506,0.3415193000000727,0.0016059000008681323,0.3485185999998066
synthetic-n200-seed403,200,403,VNS,3,True,4840.0,73.2,1351.9052129930312,80,38,3,0.6,0.49840016812666244,0.004386600001453189,0.3342400000001362,0.0015726000019640196,0.3419482999997854
synthetic-n200-seed403,200,403,VNS,4,True,4800.0,72.76666666666667,1408.4361543394004,82,38,3,0.5900000000000001,0.496089281754998,0.0040602000008220784,0.3969854999995732,0.0018055000000458676,0.40440880000096513
synthetic-n200-seed403,200,403,VNS,5,True,4800.0,72.76,1364.9640471758835,89,38,3,0.5549999999999999,0.49529525324970186,0.004008099997008685,0.3303191000013612,0.0015469999998458661,0.3373318999983894
synthetic-n200-seed403,200,403,VNS,6,True,4840.0,73.14666666666668,1426.084151914647,86,38,3,0.5700000000000001,0.4995257134632853,0.004074600001331419,0.33191010000155075,0.0016712000033294316,0.3391470999995363
synthetic-n200-seed403,200,403,VNS,7,True,4816.0,72.88,1364.7033319644424,83,38,3,0.585,0.4964266857501015,0.003905800000211457,0.37439980000272044,0.0016322999981639441,0.38131540000176756
synthetic-n200-seed403,200,403,VNS,8,True,4840.0,73.07333333333334,1352.0719384222089,84,38,3,0.5800000000000001,0.49795417309043655,0.0039337999987765215,0.3470355000026757,0.0015676000002713408,0.35393049999765935
synthetic-n200-seed403,200,403,VNS,9,True,4848.0,73.10666666666667,1405.3082328438136,79,38,3,0.605,0.4993711213299678,0.00393630000326084,0.3309129000008397,0.001577700000780169,0.338062800001353
synthetic-n200-seed403,200,403,VNS,10,True,4824.0,72.96000000000001,1454.4592316009644,88,38,3,0.56,0.4986562259395203,0.0038958999975875486,0.33708910000132164,0.001617199999600416,0.3440101999985927
synthetic-n200-seed404,200,404,B0,1,True,7480.0,93.32,3388.3690561807375,126,42,3,0.37,0.7271819019892258,0.003680600002553547,1.1000000085914508e-05,0.0017110999979195185,0.006874400001834147
synthetic-n200-seed404,200,404,B2,1,True,5216.0,77.02000000000002,1343.634211067093,79,39,3,0.605,0.5315496940232817,0.003882799999701092,0.2521571000033873,0.0016679000000294764,0.2592135999984748
synthetic-n200-seed404,200,404,B3,1,True,5216.0,76.15333333333332,1334.6018166108797,78,39,3,0.61,0.5282926978847342,0.0045283999970706645,0.27354249999916647,0.0017738999995344784,0.28134549999958836
synthetic-n200-seed404,200,404,B3,2,True,5216.0,76.02000000000001,1352.911423628744,77,39,3,0.615,0.5281434433546442,0.004300200002035126,0.2742204000023776,0.0017671999994490761,0.2818659000004118
synthetic-n200-seed404,200,404,B3,3,True,5216.0,76.28666666666668,1346.5948245290183,80,39,3,0.6,0.5289831478523154,0.004524600000877399,0.26960930000132066,0.0019713000001502223,0.2780077999996138
synthetic-n200-seed404,200,404,B3,4,True,5216.0,76.21333333333334,1337.5471574072787,77,39,3,0.615,0.5285596171017009,0.004107300002942793,0.30699169999934384,0.0017217000022355933,0.3142684000013105
synthetic-n200-seed404,200,404,B3,5,True,5216.0,76.25333333333333,1357.3972000919896,78,39,3,0.61,0.5290570103486775,0.004239199999574339,0.3149173999991035,0.0036992999994254205,0.32520579999982147
synthetic-n200-seed404,200,404,B3,6,True,5216.0,75.90666666666668,1372.3268113611705,80,39,3,0.6,0.5280853765069832,0.0048610000012558885,0.29052210000008927,0.001797599998099031,0.29877050000141026
synthetic-n200-seed404,200,404,B3,7,True,5216.0,75.93333333333334,1322.62606294836,77,39,3,0.615,0.5272929880393541,0.0041584999999031425,0.28252490000159014,0.0018788999987009447,0.2901339999989432
synthetic-n200-seed404,200,404,B3,8,True,5216.0,75.93333333333334,1372.2972961028258,81,39,3,0.595,0.5281801010761177,0.005601900000328897,0.27743959999861545,0.001653000002988847,0.28618789999745786
synthetic-n200-seed404,200,404,B3,9,True,5216.0,76.15333333333334,1336.21002166502,78,39,3,0.61,0.5283214199352797,0.0041988000011770055,0.2747415000012552,0.001657699998759199,0.2820549999996729
synthetic-n200-seed404,200,404,B3,10,True,5216.0,76.04666666666667,1331.769281788074,78,39,3,0.61,0.5278611028683723,0.00420279999889317,0.2742663999997603,0.001649800000450341,0.2815508999992744
synthetic-n200-seed404,200,404,LNS,1,True,5192.0,77.02000000000002,1352.0275444004265,79,39,3,0.605,0.530630077673709,0.004324599998653866,1.0002529000012146,0.001611899999261368,1.008117699999275
synthetic-n200-seed404,200,404,LNS,2,True,5216.0,77.02000000000002,1343.634211067093,79,39,3,0.605,0.5315496940232817,0.0039370000013150275,1.0002614000004542,0.0016016000008676201,1.0090026000034413
synthetic-n200-seed404,200,404,LNS,3,True,5168.0,76.07333333333334,1391.3799068944543,79,39,3,0.605,0.5268819446758178,0.00395570000182488,1.0002101999998558,0.0016316000001097564,1.0079385999997612
synthetic-n200-seed404,200,404,LNS,4,True,5216.0,77.02000000000002,1343.634211067093,79,39,3,0.605,0.5315496940232817,0.005079099999420578,1.0002437999974063,0.0018316999994567595,1.009699800000817
synthetic-n200-seed404,200,404,LNS,5,True,5208.0,76.78666666666669,1342.534211067093,79,39,3,0.605,0.5303400897227947,0.004053900000144495,1.0002014999990934,0.0016647000011289492,1.009142000002612
synthetic-n200-seed404,200,404,LNS,6,True,5160.0,76.24666666666667,1475.618347210721,81,39,3,0.595,0.5286490472914903,0.004112399998120964,1.0002693999995245,0.0017023999971570447,1.0076314999969327
synthetic-n200-seed404,200,404,LNS,7,True,5192.0,77.02000000000002,1359.4244179314228,77,39,3,0.615,0.5307621835733196,0.004073399999469984,1.0003226999979233,0.0017033999974955805,1.0077603999998246
synthetic-n200-seed404,200,404,LNS,8,True,5216.0,77.02000000000002,1343.634211067093,79,39,3,0.605,0.5315496940232817,0.005293400001392001,1.0002101000027324,0.0016285000019706786,1.0093758000002708
synthetic-n200-seed404,200,404,LNS,9,True,5200.0,76.22000000000001,1356.2146691675548,79,39,3,0.605,0.5282038136019367,0.004703099999460392,1.0001717000013741,0.0019280999986222014,1.0084293999971123
synthetic-n200-seed404,200,404,LNS,10,True,5216.0,77.02000000000002,1343.634211067093,79,39,3,0.605,0.5315496940232817,0.004086100001586601,1.000160900002811,0.0017917000004672445,1.0080812000014703
synthetic-n200-seed404,200,404,ALNS,1,True,5192.0,77.02000000000002,1352.0275444004265,79,39,3,0.605,0.530630077673709,0.004388599998492282,1.00021089999791,0.003272300000389805,1.009329099997558
synthetic-n200-seed404,200,404,ALNS,2,True,5216.0,77.02000000000002,1343.634211067093,79,39,3,0.605,0.5315496940232817,0.004078499998286134,1.0003034000001207,0.0016399000014644116,1.0087032999981602
synthetic-n200-seed404,200,404,ALNS,3,True,5168.0,76.07333333333334,1391.3799068944543,79,39,3,0.605,0.5268819446758178,0.004232300001604017,1.000204300002224,0.0016544999998586718,1.0088819000011426
synthetic-n200-seed404,200,404,ALNS,4,True,5216.0,77.02000000000002,1343.634211067093,79,39,3,0.605,0.5315496940232817,0.00415419999990263,1.0002567999981693,0.0016654999999445863,1.0139168000023346
synthetic-n200-seed404,200,404,ALNS,5,True,5208.0,76.78666666666669,1342.534211067093,79,39,3,0.605,0.5303400897227947,0.004316999998991378,1.0001634000000195,0.0016709000010450836,1.008489499999996
synthetic-n200-seed404,200,404,ALNS,6,True,5160.0,76.24666666666667,1475.618347210721,81,39,3,0.595,0.5286490472914903,0.0039896999987831805,1.0002027000009548,0.0019059000005654525,1.0085193000013533
synthetic-n200-seed404,200,404,ALNS,7,True,5192.0,77.02000000000002,1359.4244179314228,77,39,3,0.615,0.5307621835733196,0.004060899998876266,1.0002487000019755,0.0017241999994439539,1.0078171999994083
synthetic-n200-seed404,200,404,ALNS,8,True,5216.0,77.02000000000002,1343.634211067093,79,39,3,0.605,0.5315496940232817,0.006352199998218566,1.0003079000016442,0.001636499997403007,1.0106428999970376
synthetic-n200-seed404,200,404,ALNS,9,True,5200.0,76.22000000000001,1356.2146691675548,79,39,3,0.605,0.5282038136019367,0.004147200001170859,1.0001989000011235,0.0017217999993590638,1.0076477000002342
synthetic-n200-seed404,200,404,ALNS,10,True,5216.0,77.02000000000002,1343.634211067093,79,39,3,0.605,0.5315496940232817,0.004020100001071114,1.000205399999686,0.0024248000008810777,1.00820830000157
synthetic-n200-seed404,200,404,VNS,1,True,5176.0,76.20666666666668,1409.5805052343976,82,39,3,0.5900000000000001,0.5280397665491715,0.004241299997374881,0.4116336999977648,0.0016905999982554931,0.41904109999813954
synthetic-n200-seed404,200,404,VNS,2,True,5184.0,75.73333333333333,1440.6872346660557,81,39,3,0.595,0.5272611117429704,0.004273100003047148,0.39054419999956735,0.0018410000011499505,0.39821350000056555
synthetic-n200-seed404,200,404,VNS,3,True,5152.0,75.71333333333334,1344.5611038073116,77,39,3,0.615,0.5240468647047586,0.003996499999630032,0.39358459999857587,0.0019004000023414847,0.4017286999987846
synthetic-n200-seed404,200,404,VNS,4,True,5216.0,75.93333333333332,1365.2006302321265,79,39,3,0.605,0.5280533567935292,0.0044254000022192486,0.3941642999998294,0.0017523999995319173,0.40190590000202064
synthetic-n200-seed404,200,404,VNS,5,True,5216.0,75.96666666666668,1359.4088933670473,80,39,3,0.6,0.5280689827722689,0.004142300000239629,0.38727250000010827,0.001741199997923104,0.39467030000014347
synthetic-n200-seed404,200,404,VNS,6,True,5176.0,75.73999999999998,1395.261445837065,83,39,3,0.585,0.5261171277305783,0.003875099999277154,0.41906569999991916,0.0019113000016659498,0.42639739999867743
synthetic-n200-seed404,200,404,VNS,7,True,5216.0,76.05333333333333,1369.9326461195583,79,39,3,0.605,0.528566501812236,0.004646699999284465,0.41400179999982356,0.001631499999348307,0.4217346000004909
synthetic-n200-seed404,200,404,VNS,8,True,5176.0,76.05333333333333,1369.147732456147,83,39,3,0.585,0.5267699522999051,0.004151199998887023,0.39008599999942817,0.001678700002230471,0.39740270000038436
synthetic-n200-seed404,200,404,VNS,9,True,5224.0,76.24,1360.3237847556823,76,39,3,0.62,0.5294181586434915,0.004085399999894435,0.3930612000003748,0.0016766000007919502,0.40054070000041975
synthetic-n200-seed404,200,404,VNS,10,True,5232.0,76.2666666666667,1388.4218762855853,82,40,3,0.5900000000000001,0.5303717399084837,0.0061947000031068455,0.39157429999977467,0.01000690000000759,0.40943780000088736
synthetic-n200-seed405,200,405,B0,1,True,7096.0,90.06666666666668,3177.670644777601,126,41,3,0.37,0.725468862165882,0.003581800003303215,1.0399999155197293e-05,0.001801400001568254,0.00692690000141738
synthetic-n200-seed405,200,405,B2,1,True,4656.0,73.55333333333333,1193.1104974100106,79,37,3,0.605,0.5130111634818922,0.003736300001037307,0.23817630000121426,0.0016536000002815854,0.2451020000007702
synthetic-n200-seed405,200,405,B3,1,True,4656.0,70.98,1180.7898876549996,80,37,3,0.6,0.5032593634000699,0.0038566000002902,0.24822080000012647,0.0016532000008737668,0.2552813000002061
synthetic-n200-seed405,200,405,B3,2,True,4656.0,71.4,1307.1173286779133,83,37,3,0.585,0.5071514329970891,0.003890999996656319,0.2518546999999671,0.0026397999972687103,0.2610438999981852
synthetic-n200-seed405,200,405,B3,3,True,4656.0,71.53999999999999,1246.0434724392849,87,37,3,0.565,0.506539407530053,0.009274600000935607,0.2504512999985309,0.0019056999990425538,0.26306950000071083
synthetic-n200-seed405,200,405,B3,4,True,4656.0,71.04666666666665,1340.3844702803472,82,37,3,0.5900000000000001,0.5064593618449011,0.003906099998857826,0.2577683999988949,0.0015648999979021028,0.26472410000133095
synthetic-n200-seed405,200,405,B3,5,True,4656.0,71.34,1208.9114667396532,83,37,3,0.585,0.505112094323176,0.0039566000014019664,0.24833620000208612,0.0019030000003112946,0.255695799998648
synthetic-n200-seed405,200,405,B3,6,True,4656.0,71.50000000000001,1202.1629904569043,82,37,3,0.5900000000000001,0.505579369003362,0.005003399997804081,0.28148379999765893,0.00172289999682107,0.2897566999999981
synthetic-n200-seed405,200,405,B3,7,True,4656.0,70.93333333333334,1332.4678858052973,84,37,3,0.5800000000000001,0.505893424555084,0.004496300000027986,0.2673835000023246,0.001722400000289781,0.2751946999997017
synthetic-n200-seed405,200,405,B3,8,True,4656.0,71.13333333333334,1234.1064642394626,84,37,3,0.5800000000000001,0.5048134574646727,0.006969000001845416,0.24556370000209427,0.001684999999270076,0.2557105000014417
synthetic-n200-seed405,200,405,B3,9,True,4656.0,71.38666666666666,1181.4111876884583,78,37,3,0.61,0.5047759184216611,0.0038182999996934086,0.24944110000069486,0.0017828000018198509,0.25656529999832856
synthetic-n200-seed405,200,405,B3,10,True,4656.0,71.34,1177.6601817578216,72,37,3,0.64,0.5045337951932384,0.004222700001264457,0.25553909999871394,0.0016293999979097862,0.2627922000028775
synthetic-n200-seed405,200,405,LNS,1,True,4656.0,73.55333333333333,1193.1104974100106,79,37,3,0.605,0.5130111634818922,0.004108799999812618,1.0002462999982527,0.0016186000029847492,1.0090278999996372
synthetic-n200-seed405,200,405,LNS,2,True,4656.0,73.55333333333333,1193.1104974100106,79,37,3,0.605,0.5130111634818922,0.00391220000165049,1.0001733000026434,0.0017078999990189914,1.0075766000009025
synthetic-n200-seed405,200,405,LNS,3,True,4656.0,73.55333333333333,1193.1104974100106,79,37,3,0.605,0.5130111634818922,0.00396309999996447,1.0003383000002941,0.001614799999515526,1.0095011000012164
synthetic-n200-seed405,200,405,LNS,4,True,4656.0,73.55333333333333,1193.1104974100106,79,37,3,0.605,0.5130111634818922,0.003996499999630032,1.0001912000006996,0.0016608000005362555,1.007349499999691
synthetic-n200-seed405,200,405,LNS,5,True,4656.0,73.55333333333333,1193.1104974100106,79,37,3,0.605,0.5130111634818922,0.004078900001331931,1.0004783000003954,0.0040556999992986675,1.0154407999980322
synthetic-n200-seed405,200,405,LNS,6,True,4664.0,73.31333333333333,1190.23049741001,79,37,3,0.605,0.5124454372574105,0.005162700002983911,1.0002542000001995,0.0016202000006160233,1.011119900002086
synthetic-n200-seed405,200,405,LNS,7,True,4704.0,72.28,1213.1522436789794,78,38,3,0.61,0.510924265046962,0.004017999999632593,1.0001803000013751,0.001610300001630094,1.0103751999995438
synthetic-n200-seed405,200,405,LNS,8,True,4656.0,73.55333333333333,1193.1104974100106,79,37,3,0.605,0.5130111634818922,0.0038964000013947953,1.000289800002065,0.0016025000004447065,1.0172836000019743
synthetic-n200-seed405,200,405,LNS,9,True,4656.0,73.55333333333333,1193.1104974100106,79,37,3,0.605,0.5130111634818922,0.003860300002997974,1.0002681000005396,0.0016568999999435619,1.0091380000012578
synthetic-n200-seed405,200,405,LNS,10,True,4672.0,72.58,1226.1104974100103,79,37,3,0.605,0.5107711494735901,0.004599899999448098,1.0002553000012995,0.0015758000008645467,1.0107341000002634
synthetic-n200-seed405,200,405,ALNS,1,True,4656.0,73.55333333333333,1193.1104974100106,79,37,3,0.605,0.5130111634818922,0.0046252000029198825,1.0001745999979903,0.0015939999975671526,1.0091391000023577
synthetic-n200-seed405,200,405,ALNS,2,True,4656.0,73.55333333333333,1193.1104974100106,79,37,3,0.605,0.5130111634818922,0.005067199999757577,1.0002160000003641,0.0015702999990026,1.0135174999995797
synthetic-n200-seed405,200,405,ALNS,3,True,4656.0,73.55333333333333,1193.1104974100106,79,37,3,0.605,0.5130111634818922,0.0046285999997053295,1.0002230999998574,0.0018940000009024516,1.008395400000154
synthetic-n200-seed405,200,405,ALNS,4,True,4656.0,73.55333333333333,1193.1104974100106,79,37,3,0.605,0.5130111634818922,0.004031200001918478,1.0002448999985063,0.0016539000025659334,1.0077831000016886
synthetic-n200-seed405,200,405,ALNS,5,True,4656.0,73.55333333333333,1193.1104974100106,79,37,3,0.605,0.5130111634818922,0.005788000002212357,1.0002153999994334,0.001755499997670995,1.0102506000002904
synthetic-n200-seed405,200,405,ALNS,6,True,4664.0,73.31333333333333,1190.23049741001,79,37,3,0.605,0.5124454372574105,0.004288799998903414,1.0001608999991731,0.001658799999859184,1.00954400000046
synthetic-n200-seed405,200,405,ALNS,7,True,4664.0,71.44666666666667,1377.2106464363715,85,38,3,0.575,0.5089970067558012,0.003855999999359483,1.000240200002736,0.0016189999987545889,1.011501799999678
synthetic-n200-seed405,200,405,ALNS,8,True,4656.0,73.55333333333333,1193.1104974100106,79,37,3,0.605,0.5130111634818922,0.003667400000267662,1.0002387000022281,0.0015821000015421305,1.00916320000033
synthetic-n200-seed405,200,405,ALNS,9,True,4656.0,73.55333333333333,1193.1104974100106,79,37,3,0.605,0.5130111634818922,0.0040332000025955494,1.000167500002135,0.0017505999967397656,1.0089528999997128
synthetic-n200-seed405,200,405,ALNS,10,True,4672.0,72.58,1226.1104974100103,79,37,3,0.605,0.5107711494735901,0.004029100000479957,1.00027389999741,0.0017511000005470123,1.0136005999993358
synthetic-n200-seed405,200,405,VNS,1,True,4656.0,71.0,1245.4089477689356,83,37,3,0.585,0.5045291461556942,0.00583819999883417,0.36825669999961974,0.0016860999967320822,0.3776149000004807
synthetic-n200-seed405,200,405,VNS,2,True,4728.0,71.95333333333333,1238.1253159194678,80,38,3,0.6,0.5113048017492972,0.004333000000769971,0.36659290000170586,0.001682099999015918,0.37412010000116425
synthetic-n200-seed405,200,405,VNS,3,True,4648.0,71.37333333333333,1168.5499810869776,77,37,3,0.615,0.5041127794857404,0.00482469999769819,0.36861900000076275,0.0021102000027894974,0.3771930999973847
synthetic-n200-seed405,200,405,VNS,4,True,4656.0,71.13333333333334,1241.3048777971082,80,37,3,0.6,0.504946662748863,0.004213699998217635,0.39423790000000736,0.0016414999990956858,0.4016123000001244
synthetic-n200-seed405,200,405,VNS,5,True,4640.0,70.75333333333333,1186.490910986606,77,37,3,0.615,0.5017743778401189,0.004297799998312257,0.36400789999970584,0.0016869999999471474,0.3714790999983961
synthetic-n200-seed405,200,405,VNS,6,True,4632.0,70.84,1214.5713441908592,78,37,3,0.61,0.5022389524461252,0.004271800000424264,0.3506156000003102,0.0016370000012102537,0.35801740000169957
synthetic-n200-seed405,200,405,VNS,7,True,4656.0,71.72666666666666,1218.5313256155443,78,37,3,0.61,0.5067211467326731,0.003816000000369968,0.3913369000001694,0.0019340999970154371,0.3986944999996922
synthetic-n200-seed405,200,405,VNS,8,True,4656.0,71.17333333333333,1273.2363813679274,88,37,3,0.56,0.5056855876854066,0.003770200000872137,0.37157569999908446,0.001753099997586105,0.38483890000134124
synthetic-n200-seed405,200,405,VNS,9,True,4656.0,71.10666666666667,1375.5067864318144,83,37,3,0.585,0.5073313514109905,0.004711000001407228,0.35375760000169976,0.0017130000014731195,0.3620622000016738
synthetic-n200-seed405,200,405,VNS,10,True,4632.0,71.04,1281.247624748554,78,37,3,0.61,0.5042129768827961,0.003915099998266669,0.3720149000000674,0.0016795999981695786,0.37910120000015013
